 INFO  Starting development server...
[3%] setup (watch run)
[2K[1A[2K[G[3%] setup (watch run vue-loader-plugin)
[2K[1A[2K[G[3%] setup (watch run ESLintWebpackPlugin_1)
[2K[1A[2K[G[3%] setup (watch run webpack-dev-middleware)
[2K[1A[2K[G[3%] setup (watch run)
[2K[1A[2K[G[4%] setup (normal module factory)
[2K[1A[2K[G[4%] setup (normal module factory CaseSensitivePathsPlugin)
[2K[1A[2K[G[4%] setup (normal module factory)
[2K[1A[2K[G[5%] setup (context module factory)
[2K[1A[2K[G[6%] setup (before compile)
[2K[1A[2K[G[7%] setup (compile)
[2K[1A[2K[G[7%] setup (compile ExternalsPlugin)
[2K[1A[2K[G[7%] setup (compile)
[2K[1A[2K[G[8%] setup (compilation)
[2K[1A[2K[G[8%] setup (compilation HtmlWebpackPlugin)
[2K[1A[2K[G[8%] setup (compilation CopyPlugin)
[2K[1A[2K[G[8%] setup (compilation ArrayPushCallbackChunkFormatPlugin)
[2K[1A[2K[G[8%] setup (compilation JsonpChunkLoadingPlugin)
[2K[1A[2K[G[8%] setup (compilation StartupChunkDependenciesPlugin)
[2K[1A[2K[G[8%] setup (compilation ImportScriptsChunkLoadingPlugin)
[2K[1A[2K[G[8%] setup (compilation WorkerAndWorkletPlugin)
[2K[1A[2K[G[8%] setup (compilation SplitChunksPlugin)
[2K[1A[2K[G[8%] setup (compilation ResolverCachePlugin)
[2K[1A[2K[G[8%] setup (compilation)
[2K[1A[2K[G[9%] setup (compilation)
[2K[1A[2K[G[9%] setup (compilation vue-loader-plugin)
[2K[1A[2K[G[9%] setup (compilation DefinePlugin)
[2K[1A[2K[G[9%] setup (compilation vue-cli:pwa-html-plugin)
[2K[1A[2K[G[9%] setup (compilation DefinePlugin)
[2K[1A[2K[G[9%] setup (compilation ProgressPlugin)
[2K[1A[2K[G[9%] setup (compilation EntryPlugin)
[2K[1A[2K[G[9%] setup (compilation ExternalsPlugin)
[2K[1A[2K[G[9%] setup (compilation ChunkPrefetchPreloadPlugin)
[2K[1A[2K[G[9%] setup (compilation ResourceHintPlugin)
[2K[1A[2K[G[9%] setup (compilation ModuleInfoHeaderPlugin)
[2K[1A[2K[G[9%] setup (compilation EvalSourceMapDevToolPlugin)
[2K[1A[2K[G[9%] setup (compilation JavascriptModulesPlugin)
[2K[1A[2K[G[9%] setup (compilation JsonModulesPlugin)
[2K[1A[2K[G[9%] setup (compilation AssetModulesPlugin)
[2K[1A[2K[G[9%] setup (compilation EntryPlugin)
[2K[1A[2K[G[9%] setup (compilation RuntimePlugin)
[2K[1A[2K[G[9%] setup (compilation InferAsyncModulesPlugin)
[2K[1A[2K[G[9%] setup (compilation DataUriPlugin)
[2K[1A[2K[G[9%] setup (compilation FileUriPlugin)
[2K[1A[2K[G[9%] setup (compilation CompatibilityPlugin)
[2K[1A[2K[G[9%] setup (compilation HarmonyModulesPlugin)
[2K[1A[2K[G[9%] setup (compilation AMDPlugin)
[2K[1A[2K[G[9%] setup (compilation RequireJsStuffPlugin)
[2K[1A[2K[G[9%] setup (compilation CommonJsPlugin)
[2K[1A[2K[G[9%] setup (compilation LoaderPlugin)
[2K[1A[2K[G[9%] setup (compilation NodeStuffPlugin)
[2K[1A[2K[G[9%] setup (compilation APIPlugin)
[2K[1A[2K[G[9%] setup (compilation ExportsInfoApiPlugin)
[2K[1A[2K[G[9%] setup (compilation WebpackIsIncludedPlugin)
[2K[1A[2K[G[9%] setup (compilation ConstPlugin)
[2K[1A[2K[G[9%] setup (compilation UseStrictPlugin)
[2K[1A[2K[G[9%] setup (compilation RequireIncludePlugin)
[2K[1A[2K[G[9%] setup (compilation RequireEnsurePlugin)
[2K[1A[2K[G[9%] setup (compilation RequireContextPlugin)
[2K[1A[2K[G[9%] setup (compilation ImportPlugin)
[2K[1A[2K[G[9%] setup (compilation ImportMetaContextPlugin)
[2K[1A[2K[G[9%] setup (compilation SystemPlugin)
[2K[1A[2K[G[9%] setup (compilation ImportMetaPlugin)
[2K[1A[2K[G[9%] setup (compilation URLPlugin)
[2K[1A[2K[G[9%] setup (compilation DefaultStatsFactoryPlugin)
[2K[1A[2K[G[9%] setup (compilation DefaultStatsPresetPlugin)
[2K[1A[2K[G[9%] setup (compilation DefaultStatsPrinterPlugin)
[2K[1A[2K[G[9%] setup (compilation JavascriptMetaInfoPlugin)
[2K[1A[2K[G[9%] setup (compilation EnsureChunkConditionsPlugin)
[2K[1A[2K[G[9%] setup (compilation RemoveEmptyChunksPlugin)
[2K[1A[2K[G[9%] setup (compilation MergeDuplicateChunksPlugin)
[2K[1A[2K[G[9%] setup (compilation SideEffectsFlagPlugin)
[2K[1A[2K[G[9%] setup (compilation FlagDependencyExportsPlugin)
[2K[1A[2K[G[9%] setup (compilation ConstExportsPlugin)
[2K[1A[2K[G[9%] setup (compilation NamedModuleIdsPlugin)
[2K[1A[2K[G[9%] setup (compilation NamedChunkIdsPlugin)
[2K[1A[2K[G[9%] setup (compilation DefinePlugin)
[2K[1A[2K[G[9%] setup (compilation TemplatedPathPlugin)
[2K[1A[2K[G[9%] setup (compilation RecordIdsPlugin)
[2K[1A[2K[G[9%] setup (compilation WarnCaseSensitiveModulesPlugin)
[2K[1A[2K[G[9%] setup (compilation EntryPlugin)
[2K[1A[2K[G[9%] setup (compilation ProvidePlugin)
[2K[1A[2K[G[9%] setup (compilation HotModuleReplacementPlugin)
[2K[1A[2K[G[9%] setup (compilation ProgressPlugin)
[2K[1A[2K[G[9%] setup (compilation ESLintWebpackPlugin_1)
[2K[1A[2K[G[9%] setup (compilation)
[2K[1A[2K[G[10%] building 
[2K[1A[2K[G[10%] building (0/0 modules)
[2K[1A[2K[G[10%] building (import loader babel-loader/lib/index.js)
[2K[1A[2K[G[10%] building (0/3 modules)
[2K[1A[2K[G[10%] building (12/24 modules)
[2K[1A[2K[G[24%] building (12/24 modules)
[2K[1A[2K[G[24%] building (import loader vue-loader/dist/index.js)
[2K[1A[2K[G[24%] building (15/26 modules)
[2K[1A[2K[G[24%] building (import loader vue-loader/dist/pitcher.js)
[2K[1A[2K[G[24%] building (17/30 modules)
[2K[1A[2K[G[24%] building (import loader vue-loader/dist/templateLoader.js)
[2K[1A[2K[G[24%] building (17/31 modules)
[2K[1A[2K[G[24%] building (import loader vue-style-loader/index.js)
[2K[1A[2K[G[24%] building (import loader css-loader/dist/cjs.js)
[2K[1A[2K[G[24%] building (import loader postcss-loader/dist/cjs.js)
[2K[1A[2K[G[24%] building (19/37 modules)
[2K[1A[2K[G[38%] building (24/38 modules)
[2K[1A[2K[G[38%] building (import loader sass-loader/dist/cjs.js)
[2K[1A[2K[G[38%] building (26/40 modules)
[2K[1A[2K[G[38%] building (import loader vue-loader/dist/stylePostLoader.js)
[2K[1A[2K[G[38%] building (26/47 modules)
[2K[1A[2K[G[38%] building (31/150 modules)
[2K[1A[2K[G[51%] building (39/313 modules)
[2K[1A[2K[G[51%] building (84/538 modules)
[2K[1A[2K[G[51%] building (268/771 modules)
[2K[1A[2K[G[51%] building (700/836 modules)
[2K[1A[2K[G[65%] building (904/904 modules)
[2K[1A[2K[G[65%] building 
[2K[1A[2K[G[69%] building (finish)
[2K[1A[2K[G[70%] sealing (finish module graph)
[2K[1A[2K[G[70%] sealing (finish module graph ResolverCachePlugin)
[2K[1A[2K[G[70%] sealing (finish module graph InferAsyncModulesPlugin)
[2K[1A[2K[G[70%] sealing (finish module graph FlagDependencyExportsPlugin)
[2K[1A[2K[G[70%] sealing (finish module graph ESLintWebpackPlugin_1)
[2K[1A[2K[G[70%] sealing (finish module graph)
[2K[1A[2K[G[71%] sealing (plugins)
[2K[1A[2K[G[71%] sealing (plugins WarnCaseSensitiveModulesPlugin)
[2K[1A[2K[G[71%] sealing (plugins)
[2K[1A[2K[G[71%] sealing (dependencies optimization)
[2K[1A[2K[G[71%] sealing (dependencies optimization SideEffectsFlagPlugin)
[2K[1A[2K[G[71%] sealing (dependencies optimization)
[2K[1A[2K[G[72%] sealing (after dependencies optimization)
[2K[1A[2K[G[73%] sealing (chunk graph)
[2K[1A[2K[G[73%] sealing (after chunk graph)
[2K[1A[2K[G[74%] sealing (optimizing)
[2K[1A[2K[G[74%] sealing (module optimization)
[2K[1A[2K[G[75%] sealing (after module optimization)
[2K[1A[2K[G[76%] sealing (chunk optimization)
[2K[1A[2K[G[76%] sealing (chunk optimization EnsureChunkConditionsPlugin)
[2K[1A[2K[G[76%] sealing (chunk optimization RemoveEmptyChunksPlugin)
[2K[1A[2K[G[76%] sealing (chunk optimization MergeDuplicateChunksPlugin)
[2K[1A[2K[G[76%] sealing (chunk optimization SplitChunksPlugin)
[2K[1A[2K[G[76%] sealing (chunk optimization RemoveEmptyChunksPlugin)
[2K[1A[2K[G[76%] sealing (chunk optimization)
[2K[1A[2K[G[76%] sealing (after chunk optimization)
[2K[1A[2K[G[77%] sealing (module and chunk tree optimization)
[2K[1A[2K[G[77%] sealing (module and chunk tree optimization PersistentChildCompilerSinglet
onPlugin)
[2K[1A[2K[1A[2K[G[77%] sealing (module and chunk tree optimization)
[2K[1A[2K[G[78%] sealing (after module and chunk tree optimization)
[2K[1A[2K[G[78%] sealing (chunk modules optimization)
[2K[1A[2K[G[79%] sealing (after chunk modules optimization)
[2K[1A[2K[G[80%] sealing (module reviving)
[2K[1A[2K[G[80%] sealing (module reviving RecordIdsPlugin)
[2K[1A[2K[G[80%] sealing (module reviving)
[2K[1A[2K[G[80%] sealing (before module ids)
[2K[1A[2K[G[81%] sealing (module ids)
[2K[1A[2K[G[81%] sealing (module ids NamedModuleIdsPlugin)
[2K[1A[2K[G[81%] sealing (module ids)
[2K[1A[2K[G[82%] sealing (module id optimization)
[2K[1A[2K[G[82%] sealing (module id optimization)
[2K[1A[2K[G[83%] sealing (chunk reviving)
[2K[1A[2K[G[83%] sealing (chunk reviving RecordIdsPlugin)
[2K[1A[2K[G[83%] sealing (chunk reviving)
[2K[1A[2K[G[83%] sealing (before chunk ids)
[2K[1A[2K[G[84%] sealing (chunk ids)
[2K[1A[2K[G[84%] sealing (chunk ids NamedChunkIdsPlugin)
[2K[1A[2K[G[84%] sealing (chunk ids)
[2K[1A[2K[G[85%] sealing (chunk id optimization)
[2K[1A[2K[G[85%] sealing (after chunk id optimization)
[2K[1A[2K[G[86%] sealing (record modules)
[2K[1A[2K[G[86%] sealing (record modules RecordIdsPlugin)
[2K[1A[2K[G[86%] sealing (record modules)
[2K[1A[2K[G[87%] sealing (record chunks)
[2K[1A[2K[G[87%] sealing (record chunks RecordIdsPlugin)
[2K[1A[2K[G[87%] sealing (record chunks)
[2K[1A[2K[G[87%] sealing (module hashing)
[2K[1A[2K[G[88%] sealing (code generation)
[2K[1A[2K[G[89%] sealing (runtime requirements)
[2K[1A[2K[G[89%] sealing (hashing)
[2K[1A[2K[G[90%] sealing (after hashing)
[2K[1A[2K[G[91%] sealing (record hash)
[2K[1A[2K[G[91%] sealing (module assets processing)
[2K[1A[2K[G[92%] sealing (chunk assets processing)
[2K[1A[2K[G[92%] sealing (asset processing)
[2K[1A[2K[G[92%] sealing (asset processing copy-webpack-plugin)
[2K[1A[2K[G[92%] sealing (asset processing vue-cli:pwa-html-plugin)
[2K[1A[2K[G[92%] sealing (asset processing HotModuleReplacementPlugin)
[2K[1A[2K[G[92%] sealing (asset processing ESLintWebpackPlugin_1)
[2K[1A[2K[G[92%] sealing (asset processing PersistentChildCompilerSingletonPlugin)
[2K[1A[2K[G[92%] sealing (asset processing HtmlWebpackPlugin)
[2K[1A[2K[G[92%] sealing (asset processing)
[2K[1A[2K[G[93%] sealing (after asset optimization)
[2K[1A[2K[G[94%] sealing (recording)
[2K[1A[2K[G[94%] sealing (recording HotModuleReplacementPlugin)
[2K[1A[2K[G[94%] sealing (recording)
[2K[1A[2K[G[94%] sealing (after seal)
[2K[1A[2K[G[95%] emitting (emit)
[2K[1A[2K[G[98%] emitting (after emit)
[2K[1A[2K[GBuild finished at 17:21:35 by 0.000s
[2K[1A[2K[GBuild finished at 17:21:35 by 0.000s
[2K[1A[2K[GBuild finished at 17:21:35 by 0.000s
[2K[1A[2K[G WARNING  Compiled with 1 warning17:21:35

 warning  in ./src/App.vue?vue&type=style&index=0&id=7ba5bd90&lang=scss

Module Warning (from ./node_modules/sass-loader/dist/cjs.js):
Deprecation The legacy JS API is deprecated and will be removed in Dart Sass 2.0.0.

More info: https://sass-lang.com/d/legacy-js-api

Build finished at 17:21:35 by 0.000s
[2K[1A[2K[G
  App running at:
  - Local:   http://localhost:8099 
  - Network: unavailable

  Note that the development build is not optimized.
  To create a production build, run npm run build.

Build finished at 17:21:35 by 0.000s
[2K[1A[2K[GBuild finished at 17:21:35 by 0.000s
[2K[1A[2K[GBuild finished at 17:21:35 by 0.000s
[2K[1A[2K[GBuild finished at 17:21:35 by 0.000s
[2K[1A[2K[GBuild finished at 17:21:35 by 0.000s
[2K[1A[2K[GBuild finished at 17:21:35 by 0.000s
[2K[1A[2K[GBuild finished at 17:21:35 by 0.000s
[2K[1A[2K[GBuild finished at 17:21:35 by 0.000s
[2K[1A[2K[G WAIT  Compiling...17:22:45

Compiling...

[2K[1A[2K[G[1%] cache (end idle)
[2K[1A[2K[G[3%] setup (watch run)
[2K[1A[2K[G[3%] setup (watch run vue-loader-plugin)
[2K[1A[2K[G[3%] setup (watch run ESLintWebpackPlugin_1)
[2K[1A[2K[G[3%] setup (watch run webpack-dev-middleware)
[2K[1A[2K[G[3%] setup (watch run)
[2K[1A[2K[G[4%] setup (normal module factory)
[2K[1A[2K[G[4%] setup (normal module factory CaseSensitivePathsPlugin)
[2K[1A[2K[G[4%] setup (normal module factory)
[2K[1A[2K[G[5%] setup (context module factory)
[2K[1A[2K[G[6%] setup (before compile)
[2K[1A[2K[G[7%] setup (compile)
[2K[1A[2K[G[7%] setup (compile ExternalsPlugin)
[2K[1A[2K[G[7%] setup (compile)
[2K[1A[2K[G[8%] setup (compilation)
[2K[1A[2K[G[8%] setup (compilation HtmlWebpackPlugin)
[2K[1A[2K[G[8%] setup (compilation CopyPlugin)
[2K[1A[2K[G[8%] setup (compilation ArrayPushCallbackChunkFormatPlugin)
[2K[1A[2K[G[8%] setup (compilation JsonpChunkLoadingPlugin)
[2K[1A[2K[G[8%] setup (compilation StartupChunkDependenciesPlugin)
[2K[1A[2K[G[8%] setup (compilation ImportScriptsChunkLoadingPlugin)
[2K[1A[2K[G[8%] setup (compilation WorkerAndWorkletPlugin)
[2K[1A[2K[G[8%] setup (compilation SplitChunksPlugin)
[2K[1A[2K[G[8%] setup (compilation ResolverCachePlugin)
[2K[1A[2K[G[8%] setup (compilation)
[2K[1A[2K[G[9%] setup (compilation)
[2K[1A[2K[G[9%] setup (compilation vue-loader-plugin)
[2K[1A[2K[G[9%] setup (compilation DefinePlugin)
[2K[1A[2K[G[9%] setup (compilation vue-cli:pwa-html-plugin)
[2K[1A[2K[G[9%] setup (compilation DefinePlugin)
[2K[1A[2K[G[9%] setup (compilation ProgressPlugin)
[2K[1A[2K[G[9%] setup (compilation EntryPlugin)
[2K[1A[2K[G[9%] setup (compilation ExternalsPlugin)
[2K[1A[2K[G[9%] setup (compilation ChunkPrefetchPreloadPlugin)
[2K[1A[2K[G[9%] setup (compilation ResourceHintPlugin)
[2K[1A[2K[G[9%] setup (compilation ModuleInfoHeaderPlugin)
[2K[1A[2K[G[9%] setup (compilation EvalSourceMapDevToolPlugin)
[2K[1A[2K[G[9%] setup (compilation JavascriptModulesPlugin)
[2K[1A[2K[G[9%] setup (compilation JsonModulesPlugin)
[2K[1A[2K[G[9%] setup (compilation AssetModulesPlugin)
[2K[1A[2K[G[9%] setup (compilation EntryPlugin)
[2K[1A[2K[G[9%] setup (compilation RuntimePlugin)
[2K[1A[2K[G[9%] setup (compilation InferAsyncModulesPlugin)
[2K[1A[2K[G[9%] setup (compilation DataUriPlugin)
[2K[1A[2K[G[9%] setup (compilation FileUriPlugin)
[2K[1A[2K[G[9%] setup (compilation CompatibilityPlugin)
[2K[1A[2K[G[9%] setup (compilation HarmonyModulesPlugin)
[2K[1A[2K[G[9%] setup (compilation AMDPlugin)
[2K[1A[2K[G[9%] setup (compilation RequireJsStuffPlugin)
[2K[1A[2K[G[9%] setup (compilation CommonJsPlugin)
[2K[1A[2K[G[9%] setup (compilation LoaderPlugin)
[2K[1A[2K[G[9%] setup (compilation NodeStuffPlugin)
[2K[1A[2K[G[9%] setup (compilation APIPlugin)
[2K[1A[2K[G[9%] setup (compilation ExportsInfoApiPlugin)
[2K[1A[2K[G[9%] setup (compilation WebpackIsIncludedPlugin)
[2K[1A[2K[G[9%] setup (compilation ConstPlugin)
[2K[1A[2K[G[9%] setup (compilation UseStrictPlugin)
[2K[1A[2K[G[9%] setup (compilation RequireIncludePlugin)
[2K[1A[2K[G[9%] setup (compilation RequireEnsurePlugin)
[2K[1A[2K[G[9%] setup (compilation RequireContextPlugin)
[2K[1A[2K[G[9%] setup (compilation ImportPlugin)
[2K[1A[2K[G[9%] setup (compilation ImportMetaContextPlugin)
[2K[1A[2K[G[9%] setup (compilation SystemPlugin)
[2K[1A[2K[G[9%] setup (compilation ImportMetaPlugin)
[2K[1A[2K[G[9%] setup (compilation URLPlugin)
[2K[1A[2K[G[9%] setup (compilation DefaultStatsFactoryPlugin)
[2K[1A[2K[G[9%] setup (compilation DefaultStatsPresetPlugin)
[2K[1A[2K[G[9%] setup (compilation DefaultStatsPrinterPlugin)
[2K[1A[2K[G[9%] setup (compilation JavascriptMetaInfoPlugin)
[2K[1A[2K[G[9%] setup (compilation EnsureChunkConditionsPlugin)
[2K[1A[2K[G[9%] setup (compilation RemoveEmptyChunksPlugin)
[2K[1A[2K[G[9%] setup (compilation MergeDuplicateChunksPlugin)
[2K[1A[2K[G[9%] setup (compilation SideEffectsFlagPlugin)
[2K[1A[2K[G[9%] setup (compilation FlagDependencyExportsPlugin)
[2K[1A[2K[G[9%] setup (compilation ConstExportsPlugin)
[2K[1A[2K[G[9%] setup (compilation NamedModuleIdsPlugin)
[2K[1A[2K[G[9%] setup (compilation NamedChunkIdsPlugin)
[2K[1A[2K[G[9%] setup (compilation DefinePlugin)
[2K[1A[2K[G[9%] setup (compilation TemplatedPathPlugin)
[2K[1A[2K[G[9%] setup (compilation RecordIdsPlugin)
[2K[1A[2K[G[9%] setup (compilation WarnCaseSensitiveModulesPlugin)
[2K[1A[2K[G[9%] setup (compilation EntryPlugin)
[2K[1A[2K[G[9%] setup (compilation ProvidePlugin)
[2K[1A[2K[G[9%] setup (compilation HotModuleReplacementPlugin)
[2K[1A[2K[G[9%] setup (compilation ProgressPlugin)
[2K[1A[2K[G[9%] setup (compilation ESLintWebpackPlugin_1)
[2K[1A[2K[G[9%] setup (compilation)
[2K[1A[2K[G[10%] building 
[2K[1A[2K[G[10%] building (0/0 modules)
[2K[1A[2K[G[24%] building (1/5 modules)
[2K[1A[2K[G[38%] building (15/5 modules)
[2K[1A[2K[G[51%] building (33/13 modules)
[2K[1A[2K[G[51%] building (import loader vue-loader/dist/index.js)
[2K[1A[2K[G[51%] building (771/20 modules)
[2K[1A[2K[G[51%] building (import loader babel-loader/lib/index.js)
[2K[1A[2K[G[51%] building (import loader vue-loader/dist/templateLoader.js)
[2K[1A[2K[G[51%] building (771/27 modules)
[2K[1A[2K[G[51%] building (import loader css-loader/dist/cjs.js)
[2K[1A[2K[G[51%] building (import loader vue-loader/dist/stylePostLoader.js)
[2K[1A[2K[G[51%] building (import loader postcss-loader/dist/cjs.js)
[2K[1A[2K[G[51%] building (import loader sass-loader/dist/cjs.js)
[2K[1A[2K[G[51%] building (771/28 modules)
[2K[1A[2K[G[65%] building (904/101 modules)
[2K[1A[2K[G[65%] building 
[2K[1A[2K[G[69%] building (finish)
[2K[1A[2K[G[70%] sealing (finish module graph)
[2K[1A[2K[G[70%] sealing (finish module graph ResolverCachePlugin)
[2K[1A[2K[G[70%] sealing (finish module graph InferAsyncModulesPlugin)
[2K[1A[2K[G[70%] sealing (finish module graph FlagDependencyExportsPlugin)
[2K[1A[2K[G[70%] sealing (finish module graph ESLintWebpackPlugin_1)
[2K[1A[2K[G[70%] sealing (finish module graph)
[2K[1A[2K[G[71%] sealing (plugins)
[2K[1A[2K[G[71%] sealing (plugins WarnCaseSensitiveModulesPlugin)
[2K[1A[2K[G[71%] sealing (plugins)
[2K[1A[2K[G[71%] sealing (dependencies optimization)
[2K[1A[2K[G[71%] sealing (dependencies optimization SideEffectsFlagPlugin)
[2K[1A[2K[G[71%] sealing (dependencies optimization)
[2K[1A[2K[G[72%] sealing (after dependencies optimization)
[2K[1A[2K[G[73%] sealing (chunk graph)
[2K[1A[2K[G[73%] sealing (after chunk graph)
[2K[1A[2K[G[74%] sealing (optimizing)
[2K[1A[2K[G[74%] sealing (module optimization)
[2K[1A[2K[G[75%] sealing (after module optimization)
[2K[1A[2K[G[76%] sealing (chunk optimization)
[2K[1A[2K[G[76%] sealing (chunk optimization EnsureChunkConditionsPlugin)
[2K[1A[2K[G[76%] sealing (chunk optimization RemoveEmptyChunksPlugin)
[2K[1A[2K[G[76%] sealing (chunk optimization MergeDuplicateChunksPlugin)
[2K[1A[2K[G[76%] sealing (chunk optimization SplitChunksPlugin)
[2K[1A[2K[G[76%] sealing (chunk optimization RemoveEmptyChunksPlugin)
[2K[1A[2K[G[76%] sealing (chunk optimization)
[2K[1A[2K[G[76%] sealing (after chunk optimization)
[2K[1A[2K[G[77%] sealing (module and chunk tree optimization)
[2K[1A[2K[G[77%] sealing (module and chunk tree optimization PersistentChildCompilerSinglet
onPlugin)
[2K[1A[2K[1A[2K[G[77%] sealing (module and chunk tree optimization)
[2K[1A[2K[G[78%] sealing (after module and chunk tree optimization)
[2K[1A[2K[G[78%] sealing (chunk modules optimization)
[2K[1A[2K[G[79%] sealing (after chunk modules optimization)
[2K[1A[2K[G[80%] sealing (module reviving)
[2K[1A[2K[G[80%] sealing (module reviving RecordIdsPlugin)
[2K[1A[2K[G[80%] sealing (module reviving)
[2K[1A[2K[G[80%] sealing (before module ids)
[2K[1A[2K[G[81%] sealing (module ids)
[2K[1A[2K[G[81%] sealing (module ids NamedModuleIdsPlugin)
[2K[1A[2K[G[81%] sealing (module ids)
[2K[1A[2K[G[82%] sealing (module id optimization)
[2K[1A[2K[G[82%] sealing (module id optimization)
[2K[1A[2K[G[83%] sealing (chunk reviving)
[2K[1A[2K[G[83%] sealing (chunk reviving RecordIdsPlugin)
[2K[1A[2K[G[83%] sealing (chunk reviving)
[2K[1A[2K[G[83%] sealing (before chunk ids)
[2K[1A[2K[G[84%] sealing (chunk ids)
[2K[1A[2K[G[84%] sealing (chunk ids NamedChunkIdsPlugin)
[2K[1A[2K[G[84%] sealing (chunk ids)
[2K[1A[2K[G[85%] sealing (chunk id optimization)
[2K[1A[2K[G[85%] sealing (after chunk id optimization)
[2K[1A[2K[G[86%] sealing (record modules)
[2K[1A[2K[G[86%] sealing (record modules RecordIdsPlugin)
[2K[1A[2K[G[86%] sealing (record modules)
[2K[1A[2K[G[87%] sealing (record chunks)
[2K[1A[2K[G[87%] sealing (record chunks RecordIdsPlugin)
[2K[1A[2K[G[87%] sealing (record chunks)
[2K[1A[2K[G[87%] sealing (module hashing)
[2K[1A[2K[G[88%] sealing (code generation)
[2K[1A[2K[G[89%] sealing (runtime requirements)
[2K[1A[2K[G[89%] sealing (hashing)
[2K[1A[2K[G[90%] sealing (after hashing)
[2K[1A[2K[G[91%] sealing (record hash)
[2K[1A[2K[G[91%] sealing (module assets processing)
[2K[1A[2K[G[92%] sealing (chunk assets processing)
[2K[1A[2K[G[92%] sealing (asset processing)
[2K[1A[2K[G[92%] sealing (asset processing copy-webpack-plugin)
[2K[1A[2K[G[92%] sealing (asset processing vue-cli:pwa-html-plugin)
[2K[1A[2K[G[92%] sealing (asset processing HotModuleReplacementPlugin)
[2K[1A[2K[G[92%] sealing (asset processing ESLintWebpackPlugin_1)
[2K[1A[2K[G[92%] sealing (asset processing PersistentChildCompilerSingletonPlugin)
[2K[1A[2K[G[92%] sealing (asset processing HtmlWebpackPlugin)
[2K[1A[2K[G[92%] sealing (asset processing)
[2K[1A[2K[G[93%] sealing (after asset optimization)
[2K[1A[2K[G[94%] sealing (recording)
[2K[1A[2K[G[94%] sealing (recording HotModuleReplacementPlugin)
[2K[1A[2K[G[94%] sealing (recording)
[2K[1A[2K[G[94%] sealing (after seal)
[2K[1A[2K[G[95%] emitting (emit)
[2K[1A[2K[G[98%] emitting (after emit)
[2K[1A[2K[GBuild finished at 17:22:45 by 0.000s
[2K[1A[2K[GBuild finished at 17:22:45 by 0.000s
[2K[1A[2K[GBuild finished at 17:22:45 by 0.000s
[2K[1A[2K[G WARNING  Compiled with 1 warning17:22:45

 warning  in ./src/App.vue?vue&type=style&index=0&id=7ba5bd90&lang=scss

Module Warning (from ./node_modules/sass-loader/dist/cjs.js):
Deprecation The legacy JS API is deprecated and will be removed in Dart Sass 2.0.0.

More info: https://sass-lang.com/d/legacy-js-api

Build finished at 17:22:45 by 0.000s
[2K[1A[2K[G
  App running at:
  - Local:   http://localhost:8099 
  - Network: unavailable

Build finished at 17:22:45 by 0.000s
[2K[1A[2K[GBuild finished at 17:22:45 by 0.000s
[2K[1A[2K[GBuild finished at 17:22:45 by 0.000s
[2K[1A[2K[GBuild finished at 17:22:45 by 0.000s
[2K[1A[2K[GBuild finished at 17:22:45 by 0.000s
[2K[1A[2K[GBuild finished at 17:22:45 by 0.000s
[2K[1A[2K[GBuild finished at 17:22:45 by 0.000s
[2K[1A[2K[GBuild finished at 17:22:45 by 0.000s
[2K[1A[2K[G WAIT  Compiling...17:22:45

Compiling...

[2K[1A[2K[G[1%] cache (end idle)
[2K[1A[2K[G[3%] setup (watch run)
[2K[1A[2K[G[3%] setup (watch run vue-loader-plugin)
[2K[1A[2K[G[3%] setup (watch run ESLintWebpackPlugin_1)
[2K[1A[2K[G[3%] setup (watch run webpack-dev-middleware)
[2K[1A[2K[G[3%] setup (watch run)
[2K[1A[2K[G[4%] setup (normal module factory)
[2K[1A[2K[G[4%] setup (normal module factory CaseSensitivePathsPlugin)
[2K[1A[2K[G[4%] setup (normal module factory)
[2K[1A[2K[G[5%] setup (context module factory)
[2K[1A[2K[G[6%] setup (before compile)
[2K[1A[2K[G[7%] setup (compile)
[2K[1A[2K[G[7%] setup (compile ExternalsPlugin)
[2K[1A[2K[G[7%] setup (compile)
[2K[1A[2K[G[8%] setup (compilation)
[2K[1A[2K[G[8%] setup (compilation HtmlWebpackPlugin)
[2K[1A[2K[G[8%] setup (compilation CopyPlugin)
[2K[1A[2K[G[8%] setup (compilation ArrayPushCallbackChunkFormatPlugin)
[2K[1A[2K[G[8%] setup (compilation JsonpChunkLoadingPlugin)
[2K[1A[2K[G[8%] setup (compilation StartupChunkDependenciesPlugin)
[2K[1A[2K[G[8%] setup (compilation ImportScriptsChunkLoadingPlugin)
[2K[1A[2K[G[8%] setup (compilation WorkerAndWorkletPlugin)
[2K[1A[2K[G[8%] setup (compilation SplitChunksPlugin)
[2K[1A[2K[G[8%] setup (compilation ResolverCachePlugin)
[2K[1A[2K[G[8%] setup (compilation)
[2K[1A[2K[G[9%] setup (compilation)
[2K[1A[2K[G[9%] setup (compilation vue-loader-plugin)
[2K[1A[2K[G[9%] setup (compilation DefinePlugin)
[2K[1A[2K[G[9%] setup (compilation vue-cli:pwa-html-plugin)
[2K[1A[2K[G[9%] setup (compilation DefinePlugin)
[2K[1A[2K[G[9%] setup (compilation ProgressPlugin)
[2K[1A[2K[G[9%] setup (compilation EntryPlugin)
[2K[1A[2K[G[9%] setup (compilation ExternalsPlugin)
[2K[1A[2K[G[9%] setup (compilation ChunkPrefetchPreloadPlugin)
[2K[1A[2K[G[9%] setup (compilation ResourceHintPlugin)
[2K[1A[2K[G[9%] setup (compilation ModuleInfoHeaderPlugin)
[2K[1A[2K[G[9%] setup (compilation EvalSourceMapDevToolPlugin)
[2K[1A[2K[G[9%] setup (compilation JavascriptModulesPlugin)
[2K[1A[2K[G[9%] setup (compilation JsonModulesPlugin)
[2K[1A[2K[G[9%] setup (compilation AssetModulesPlugin)
[2K[1A[2K[G[9%] setup (compilation EntryPlugin)
[2K[1A[2K[G[9%] setup (compilation RuntimePlugin)
[2K[1A[2K[G[9%] setup (compilation InferAsyncModulesPlugin)
[2K[1A[2K[G[9%] setup (compilation DataUriPlugin)
[2K[1A[2K[G[9%] setup (compilation FileUriPlugin)
[2K[1A[2K[G[9%] setup (compilation CompatibilityPlugin)
[2K[1A[2K[G[9%] setup (compilation HarmonyModulesPlugin)
[2K[1A[2K[G[9%] setup (compilation AMDPlugin)
[2K[1A[2K[G[9%] setup (compilation RequireJsStuffPlugin)
[2K[1A[2K[G[9%] setup (compilation CommonJsPlugin)
[2K[1A[2K[G[9%] setup (compilation LoaderPlugin)
[2K[1A[2K[G[9%] setup (compilation NodeStuffPlugin)
[2K[1A[2K[G[9%] setup (compilation APIPlugin)
[2K[1A[2K[G[9%] setup (compilation ExportsInfoApiPlugin)
[2K[1A[2K[G[9%] setup (compilation WebpackIsIncludedPlugin)
[2K[1A[2K[G[9%] setup (compilation ConstPlugin)
[2K[1A[2K[G[9%] setup (compilation UseStrictPlugin)
[2K[1A[2K[G[9%] setup (compilation RequireIncludePlugin)
[2K[1A[2K[G[9%] setup (compilation RequireEnsurePlugin)
[2K[1A[2K[G[9%] setup (compilation RequireContextPlugin)
[2K[1A[2K[G[9%] setup (compilation ImportPlugin)
[2K[1A[2K[G[9%] setup (compilation ImportMetaContextPlugin)
[2K[1A[2K[G[9%] setup (compilation SystemPlugin)
[2K[1A[2K[G[9%] setup (compilation ImportMetaPlugin)
[2K[1A[2K[G[9%] setup (compilation URLPlugin)
[2K[1A[2K[G[9%] setup (compilation DefaultStatsFactoryPlugin)
[2K[1A[2K[G[9%] setup (compilation DefaultStatsPresetPlugin)
[2K[1A[2K[G[9%] setup (compilation DefaultStatsPrinterPlugin)
[2K[1A[2K[G[9%] setup (compilation JavascriptMetaInfoPlugin)
[2K[1A[2K[G[9%] setup (compilation EnsureChunkConditionsPlugin)
[2K[1A[2K[G[9%] setup (compilation RemoveEmptyChunksPlugin)
[2K[1A[2K[G[9%] setup (compilation MergeDuplicateChunksPlugin)
[2K[1A[2K[G[9%] setup (compilation SideEffectsFlagPlugin)
[2K[1A[2K[G[9%] setup (compilation FlagDependencyExportsPlugin)
[2K[1A[2K[G[9%] setup (compilation ConstExportsPlugin)
[2K[1A[2K[G[9%] setup (compilation NamedModuleIdsPlugin)
[2K[1A[2K[G[9%] setup (compilation NamedChunkIdsPlugin)
[2K[1A[2K[G[9%] setup (compilation DefinePlugin)
[2K[1A[2K[G[9%] setup (compilation TemplatedPathPlugin)
[2K[1A[2K[G[9%] setup (compilation RecordIdsPlugin)
[2K[1A[2K[G[9%] setup (compilation WarnCaseSensitiveModulesPlugin)
[2K[1A[2K[G[9%] setup (compilation EntryPlugin)
[2K[1A[2K[G[9%] setup (compilation ProvidePlugin)
[2K[1A[2K[G[9%] setup (compilation HotModuleReplacementPlugin)
[2K[1A[2K[G[9%] setup (compilation ProgressPlugin)
[2K[1A[2K[G[9%] setup (compilation ESLintWebpackPlugin_1)
[2K[1A[2K[G[9%] setup (compilation)
[2K[1A[2K[G[10%] building 
[2K[1A[2K[G[10%] building (0/0 modules)
[2K[1A[2K[G[24%] building (1/4 modules)
[2K[1A[2K[G[38%] building (22/13 modules)
[2K[1A[2K[G[51%] building (36/14 modules)
[2K[1A[2K[G[51%] building (import loader vue-loader/dist/index.js)
[2K[1A[2K[G[51%] building (781/48 modules)
[2K[1A[2K[G[51%] building (import loader babel-loader/lib/index.js)
[2K[1A[2K[G[51%] building (import loader vue-loader/dist/templateLoader.js)
[2K[1A[2K[G[51%] building (798/80 modules)
[2K[1A[2K[G[51%] building (import loader css-loader/dist/cjs.js)
[2K[1A[2K[G[51%] building (import loader vue-loader/dist/stylePostLoader.js)
[2K[1A[2K[G[51%] building (import loader postcss-loader/dist/cjs.js)
[2K[1A[2K[G[51%] building (import loader sass-loader/dist/cjs.js)
[2K[1A[2K[G[51%] building (802/82 modules)
[2K[1A[2K[G[65%] building (904/101 modules)
[2K[1A[2K[G[65%] building 
[2K[1A[2K[G[69%] building (finish)
[2K[1A[2K[G[70%] sealing (finish module graph)
[2K[1A[2K[G[70%] sealing (finish module graph ResolverCachePlugin)
[2K[1A[2K[G[70%] sealing (finish module graph InferAsyncModulesPlugin)
[2K[1A[2K[G[70%] sealing (finish module graph FlagDependencyExportsPlugin)
[2K[1A[2K[G[70%] sealing (finish module graph ESLintWebpackPlugin_1)
[2K[1A[2K[G[70%] sealing (finish module graph)
[2K[1A[2K[G[71%] sealing (plugins)
[2K[1A[2K[G[71%] sealing (plugins WarnCaseSensitiveModulesPlugin)
[2K[1A[2K[G[71%] sealing (plugins)
[2K[1A[2K[G[71%] sealing (dependencies optimization)
[2K[1A[2K[G[71%] sealing (dependencies optimization SideEffectsFlagPlugin)
[2K[1A[2K[G[71%] sealing (dependencies optimization)
[2K[1A[2K[G[72%] sealing (after dependencies optimization)
[2K[1A[2K[G[73%] sealing (chunk graph)
[2K[1A[2K[G[73%] sealing (after chunk graph)
[2K[1A[2K[G[74%] sealing (optimizing)
[2K[1A[2K[G[74%] sealing (module optimization)
[2K[1A[2K[G[75%] sealing (after module optimization)
[2K[1A[2K[G[76%] sealing (chunk optimization)
[2K[1A[2K[G[76%] sealing (chunk optimization EnsureChunkConditionsPlugin)
[2K[1A[2K[G[76%] sealing (chunk optimization RemoveEmptyChunksPlugin)
[2K[1A[2K[G[76%] sealing (chunk optimization MergeDuplicateChunksPlugin)
[2K[1A[2K[G[76%] sealing (chunk optimization SplitChunksPlugin)
[2K[1A[2K[G[76%] sealing (chunk optimization RemoveEmptyChunksPlugin)
[2K[1A[2K[G[76%] sealing (chunk optimization)
[2K[1A[2K[G[76%] sealing (after chunk optimization)
[2K[1A[2K[G[77%] sealing (module and chunk tree optimization)
[2K[1A[2K[G[77%] sealing (module and chunk tree optimization PersistentChildCompilerSinglet
onPlugin)
[2K[1A[2K[1A[2K[G[77%] sealing (module and chunk tree optimization)
[2K[1A[2K[G[78%] sealing (after module and chunk tree optimization)
[2K[1A[2K[G[78%] sealing (chunk modules optimization)
[2K[1A[2K[G[79%] sealing (after chunk modules optimization)
[2K[1A[2K[G[80%] sealing (module reviving)
[2K[1A[2K[G[80%] sealing (module reviving RecordIdsPlugin)
[2K[1A[2K[G[80%] sealing (module reviving)
[2K[1A[2K[G[80%] sealing (before module ids)
[2K[1A[2K[G[81%] sealing (module ids)
[2K[1A[2K[G[81%] sealing (module ids NamedModuleIdsPlugin)
[2K[1A[2K[G[81%] sealing (module ids)
[2K[1A[2K[G[82%] sealing (module id optimization)
[2K[1A[2K[G[82%] sealing (module id optimization)
[2K[1A[2K[G[83%] sealing (chunk reviving)
[2K[1A[2K[G[83%] sealing (chunk reviving RecordIdsPlugin)
[2K[1A[2K[G[83%] sealing (chunk reviving)
[2K[1A[2K[G[83%] sealing (before chunk ids)
[2K[1A[2K[G[84%] sealing (chunk ids)
[2K[1A[2K[G[84%] sealing (chunk ids NamedChunkIdsPlugin)
[2K[1A[2K[G[84%] sealing (chunk ids)
[2K[1A[2K[G[85%] sealing (chunk id optimization)
[2K[1A[2K[G[85%] sealing (after chunk id optimization)
[2K[1A[2K[G[86%] sealing (record modules)
[2K[1A[2K[G[86%] sealing (record modules RecordIdsPlugin)
[2K[1A[2K[G[86%] sealing (record modules)
[2K[1A[2K[G[87%] sealing (record chunks)
[2K[1A[2K[G[87%] sealing (record chunks RecordIdsPlugin)
[2K[1A[2K[G[87%] sealing (record chunks)
[2K[1A[2K[G[87%] sealing (module hashing)
[2K[1A[2K[G[88%] sealing (code generation)
[2K[1A[2K[G[89%] sealing (runtime requirements)
[2K[1A[2K[G[89%] sealing (hashing)
[2K[1A[2K[G[90%] sealing (after hashing)
[2K[1A[2K[G[91%] sealing (record hash)
[2K[1A[2K[G[91%] sealing (module assets processing)
[2K[1A[2K[G[92%] sealing (chunk assets processing)
[2K[1A[2K[G[92%] sealing (asset processing)
[2K[1A[2K[G[92%] sealing (asset processing copy-webpack-plugin)
[2K[1A[2K[G[92%] sealing (asset processing vue-cli:pwa-html-plugin)
[2K[1A[2K[G[92%] sealing (asset processing HotModuleReplacementPlugin)
[2K[1A[2K[G[92%] sealing (asset processing ESLintWebpackPlugin_1)
[2K[1A[2K[G[92%] sealing (asset processing PersistentChildCompilerSingletonPlugin)
[2K[1A[2K[G[92%] sealing (asset processing HtmlWebpackPlugin)
[2K[1A[2K[G[92%] sealing (asset processing)
[2K[1A[2K[G[93%] sealing (after asset optimization)
[2K[1A[2K[G[94%] sealing (recording)
[2K[1A[2K[G[94%] sealing (recording HotModuleReplacementPlugin)
[2K[1A[2K[G[94%] sealing (recording)
[2K[1A[2K[G[94%] sealing (after seal)
[2K[1A[2K[G[95%] emitting (emit)
[2K[1A[2K[G[98%] emitting (after emit)
[2K[1A[2K[GBuild finished at 17:22:46 by 0.000s
[2K[1A[2K[GBuild finished at 17:22:46 by 0.000s
[2K[1A[2K[GBuild finished at 17:22:46 by 0.000s
[2K[1A[2K[G WARNING  Compiled with 1 warning17:22:46

 warning  in ./src/App.vue?vue&type=style&index=0&id=7ba5bd90&lang=scss

Module Warning (from ./node_modules/sass-loader/dist/cjs.js):
Deprecation The legacy JS API is deprecated and will be removed in Dart Sass 2.0.0.

More info: https://sass-lang.com/d/legacy-js-api

Build finished at 17:22:46 by 0.000s
[2K[1A[2K[G
  App running at:
  - Local:   http://localhost:8099 
  - Network: unavailable

Build finished at 17:22:46 by 0.000s
[2K[1A[2K[GBuild finished at 17:22:46 by 0.000s
[2K[1A[2K[GBuild finished at 17:22:46 by 0.000s
[2K[1A[2K[GBuild finished at 17:22:46 by 0.000s
[2K[1A[2K[GBuild finished at 17:22:46 by 0.000s
[2K[1A[2K[GBuild finished at 17:22:46 by 0.000s
[2K[1A[2K[GBuild finished at 17:22:46 by 0.000s
[2K[1A[2K[GBuild finished at 17:22:46 by 0.000s
[2K[1A[2K[G WAIT  Compiling...17:22:46

Compiling...

[2K[1A[2K[G[1%] cache (end idle)
[2K[1A[2K[G[3%] setup (watch run)
[2K[1A[2K[G[3%] setup (watch run vue-loader-plugin)
[2K[1A[2K[G[3%] setup (watch run ESLintWebpackPlugin_1)
[2K[1A[2K[G[3%] setup (watch run webpack-dev-middleware)
[2K[1A[2K[G[3%] setup (watch run)
[2K[1A[2K[G[4%] setup (normal module factory)
[2K[1A[2K[G[4%] setup (normal module factory CaseSensitivePathsPlugin)
[2K[1A[2K[G[4%] setup (normal module factory)
[2K[1A[2K[G[5%] setup (context module factory)
[2K[1A[2K[G[6%] setup (before compile)
[2K[1A[2K[G[7%] setup (compile)
[2K[1A[2K[G[7%] setup (compile ExternalsPlugin)
[2K[1A[2K[G[7%] setup (compile)
[2K[1A[2K[G[8%] setup (compilation)
[2K[1A[2K[G[8%] setup (compilation HtmlWebpackPlugin)
[2K[1A[2K[G[8%] setup (compilation CopyPlugin)
[2K[1A[2K[G[8%] setup (compilation ArrayPushCallbackChunkFormatPlugin)
[2K[1A[2K[G[8%] setup (compilation JsonpChunkLoadingPlugin)
[2K[1A[2K[G[8%] setup (compilation StartupChunkDependenciesPlugin)
[2K[1A[2K[G[8%] setup (compilation ImportScriptsChunkLoadingPlugin)
[2K[1A[2K[G[8%] setup (compilation WorkerAndWorkletPlugin)
[2K[1A[2K[G[8%] setup (compilation SplitChunksPlugin)
[2K[1A[2K[G[8%] setup (compilation ResolverCachePlugin)
[2K[1A[2K[G[8%] setup (compilation)
[2K[1A[2K[G[9%] setup (compilation)
[2K[1A[2K[G[9%] setup (compilation vue-loader-plugin)
[2K[1A[2K[G[9%] setup (compilation DefinePlugin)
[2K[1A[2K[G[9%] setup (compilation vue-cli:pwa-html-plugin)
[2K[1A[2K[G[9%] setup (compilation DefinePlugin)
[2K[1A[2K[G[9%] setup (compilation ProgressPlugin)
[2K[1A[2K[G[9%] setup (compilation EntryPlugin)
[2K[1A[2K[G[9%] setup (compilation ExternalsPlugin)
[2K[1A[2K[G[9%] setup (compilation ChunkPrefetchPreloadPlugin)
[2K[1A[2K[G[9%] setup (compilation ResourceHintPlugin)
[2K[1A[2K[G[9%] setup (compilation ModuleInfoHeaderPlugin)
[2K[1A[2K[G[9%] setup (compilation EvalSourceMapDevToolPlugin)
[2K[1A[2K[G[9%] setup (compilation JavascriptModulesPlugin)
[2K[1A[2K[G[9%] setup (compilation JsonModulesPlugin)
[2K[1A[2K[G[9%] setup (compilation AssetModulesPlugin)
[2K[1A[2K[G[9%] setup (compilation EntryPlugin)
[2K[1A[2K[G[9%] setup (compilation RuntimePlugin)
[2K[1A[2K[G[9%] setup (compilation InferAsyncModulesPlugin)
[2K[1A[2K[G[9%] setup (compilation DataUriPlugin)
[2K[1A[2K[G[9%] setup (compilation FileUriPlugin)
[2K[1A[2K[G[9%] setup (compilation CompatibilityPlugin)
[2K[1A[2K[G[9%] setup (compilation HarmonyModulesPlugin)
[2K[1A[2K[G[9%] setup (compilation AMDPlugin)
[2K[1A[2K[G[9%] setup (compilation RequireJsStuffPlugin)
[2K[1A[2K[G[9%] setup (compilation CommonJsPlugin)
[2K[1A[2K[G[9%] setup (compilation LoaderPlugin)
[2K[1A[2K[G[9%] setup (compilation NodeStuffPlugin)
[2K[1A[2K[G[9%] setup (compilation APIPlugin)
[2K[1A[2K[G[9%] setup (compilation ExportsInfoApiPlugin)
[2K[1A[2K[G[9%] setup (compilation WebpackIsIncludedPlugin)
[2K[1A[2K[G[9%] setup (compilation ConstPlugin)
[2K[1A[2K[G[9%] setup (compilation UseStrictPlugin)
[2K[1A[2K[G[9%] setup (compilation RequireIncludePlugin)
[2K[1A[2K[G[9%] setup (compilation RequireEnsurePlugin)
[2K[1A[2K[G[9%] setup (compilation RequireContextPlugin)
[2K[1A[2K[G[9%] setup (compilation ImportPlugin)
[2K[1A[2K[G[9%] setup (compilation ImportMetaContextPlugin)
[2K[1A[2K[G[9%] setup (compilation SystemPlugin)
[2K[1A[2K[G[9%] setup (compilation ImportMetaPlugin)
[2K[1A[2K[G[9%] setup (compilation URLPlugin)
[2K[1A[2K[G[9%] setup (compilation DefaultStatsFactoryPlugin)
[2K[1A[2K[G[9%] setup (compilation DefaultStatsPresetPlugin)
[2K[1A[2K[G[9%] setup (compilation DefaultStatsPrinterPlugin)
[2K[1A[2K[G[9%] setup (compilation JavascriptMetaInfoPlugin)
[2K[1A[2K[G[9%] setup (compilation EnsureChunkConditionsPlugin)
[2K[1A[2K[G[9%] setup (compilation RemoveEmptyChunksPlugin)
[2K[1A[2K[G[9%] setup (compilation MergeDuplicateChunksPlugin)
[2K[1A[2K[G[9%] setup (compilation SideEffectsFlagPlugin)
[2K[1A[2K[G[9%] setup (compilation FlagDependencyExportsPlugin)
[2K[1A[2K[G[9%] setup (compilation ConstExportsPlugin)
[2K[1A[2K[G[9%] setup (compilation NamedModuleIdsPlugin)
[2K[1A[2K[G[9%] setup (compilation NamedChunkIdsPlugin)
[2K[1A[2K[G[9%] setup (compilation DefinePlugin)
[2K[1A[2K[G[9%] setup (compilation TemplatedPathPlugin)
[2K[1A[2K[G[9%] setup (compilation RecordIdsPlugin)
[2K[1A[2K[G[9%] setup (compilation WarnCaseSensitiveModulesPlugin)
[2K[1A[2K[G[9%] setup (compilation EntryPlugin)
[2K[1A[2K[G[9%] setup (compilation ProvidePlugin)
[2K[1A[2K[G[9%] setup (compilation HotModuleReplacementPlugin)
[2K[1A[2K[G[9%] setup (compilation ProgressPlugin)
[2K[1A[2K[G[9%] setup (compilation ESLintWebpackPlugin_1)
[2K[1A[2K[G[9%] setup (compilation)
[2K[1A[2K[G[10%] building 
[2K[1A[2K[G[10%] building (0/0 modules)
[2K[1A[2K[G[24%] building (1/4 modules)
[2K[1A[2K[G[38%] building (22/13 modules)
[2K[1A[2K[G[51%] building (36/14 modules)
[2K[1A[2K[G[51%] building (import loader vue-loader/dist/index.js)
[2K[1A[2K[G[51%] building (778/42 modules)
[2K[1A[2K[G[51%] building (import loader babel-loader/lib/index.js)
[2K[1A[2K[G[51%] building (import loader vue-loader/dist/templateLoader.js)
[2K[1A[2K[G[51%] building (859/65 modules)
[2K[1A[2K[G[51%] building (import loader css-loader/dist/cjs.js)
[2K[1A[2K[G[51%] building (import loader vue-loader/dist/stylePostLoader.js)
[2K[1A[2K[G[51%] building (import loader postcss-loader/dist/cjs.js)
[2K[1A[2K[G[51%] building (import loader sass-loader/dist/cjs.js)
[2K[1A[2K[G[51%] building (859/66 modules)
[2K[1A[2K[G[65%] building (904/101 modules)
[2K[1A[2K[G[65%] building 
[2K[1A[2K[G[69%] building (finish)
[2K[1A[2K[G[70%] sealing (finish module graph)
[2K[1A[2K[G[70%] sealing (finish module graph ResolverCachePlugin)
[2K[1A[2K[G[70%] sealing (finish module graph InferAsyncModulesPlugin)
[2K[1A[2K[G[70%] sealing (finish module graph FlagDependencyExportsPlugin)
[2K[1A[2K[G[70%] sealing (finish module graph ESLintWebpackPlugin_1)
[2K[1A[2K[G[70%] sealing (finish module graph)
[2K[1A[2K[G[71%] sealing (plugins)
[2K[1A[2K[G[71%] sealing (plugins WarnCaseSensitiveModulesPlugin)
[2K[1A[2K[G[71%] sealing (plugins)
[2K[1A[2K[G[71%] sealing (dependencies optimization)
[2K[1A[2K[G[71%] sealing (dependencies optimization SideEffectsFlagPlugin)
[2K[1A[2K[G[71%] sealing (dependencies optimization)
[2K[1A[2K[G[72%] sealing (after dependencies optimization)
[2K[1A[2K[G[73%] sealing (chunk graph)
[2K[1A[2K[G[73%] sealing (after chunk graph)
[2K[1A[2K[G[74%] sealing (optimizing)
[2K[1A[2K[G[74%] sealing (module optimization)
[2K[1A[2K[G[75%] sealing (after module optimization)
[2K[1A[2K[G[76%] sealing (chunk optimization)
[2K[1A[2K[G[76%] sealing (chunk optimization EnsureChunkConditionsPlugin)
[2K[1A[2K[G[76%] sealing (chunk optimization RemoveEmptyChunksPlugin)
[2K[1A[2K[G[76%] sealing (chunk optimization MergeDuplicateChunksPlugin)
[2K[1A[2K[G[76%] sealing (chunk optimization SplitChunksPlugin)
[2K[1A[2K[G[76%] sealing (chunk optimization RemoveEmptyChunksPlugin)
[2K[1A[2K[G[76%] sealing (chunk optimization)
[2K[1A[2K[G[76%] sealing (after chunk optimization)
[2K[1A[2K[G[77%] sealing (module and chunk tree optimization)
[2K[1A[2K[G[77%] sealing (module and chunk tree optimization PersistentChildCompilerSinglet
onPlugin)
[2K[1A[2K[1A[2K[G[77%] sealing (module and chunk tree optimization)
[2K[1A[2K[G[78%] sealing (after module and chunk tree optimization)
[2K[1A[2K[G[78%] sealing (chunk modules optimization)
[2K[1A[2K[G[79%] sealing (after chunk modules optimization)
[2K[1A[2K[G[80%] sealing (module reviving)
[2K[1A[2K[G[80%] sealing (module reviving RecordIdsPlugin)
[2K[1A[2K[G[80%] sealing (module reviving)
[2K[1A[2K[G[80%] sealing (before module ids)
[2K[1A[2K[G[81%] sealing (module ids)
[2K[1A[2K[G[81%] sealing (module ids NamedModuleIdsPlugin)
[2K[1A[2K[G[81%] sealing (module ids)
[2K[1A[2K[G[82%] sealing (module id optimization)
[2K[1A[2K[G[82%] sealing (module id optimization)
[2K[1A[2K[G[83%] sealing (chunk reviving)
[2K[1A[2K[G[83%] sealing (chunk reviving RecordIdsPlugin)
[2K[1A[2K[G[83%] sealing (chunk reviving)
[2K[1A[2K[G[83%] sealing (before chunk ids)
[2K[1A[2K[G[84%] sealing (chunk ids)
[2K[1A[2K[G[84%] sealing (chunk ids NamedChunkIdsPlugin)
[2K[1A[2K[G[84%] sealing (chunk ids)
[2K[1A[2K[G[85%] sealing (chunk id optimization)
[2K[1A[2K[G[85%] sealing (after chunk id optimization)
[2K[1A[2K[G[86%] sealing (record modules)
[2K[1A[2K[G[86%] sealing (record modules RecordIdsPlugin)
[2K[1A[2K[G[86%] sealing (record modules)
[2K[1A[2K[G[87%] sealing (record chunks)
[2K[1A[2K[G[87%] sealing (record chunks RecordIdsPlugin)
[2K[1A[2K[G[87%] sealing (record chunks)
[2K[1A[2K[G[87%] sealing (module hashing)
[2K[1A[2K[G[88%] sealing (code generation)
[2K[1A[2K[G[89%] sealing (runtime requirements)
[2K[1A[2K[G[89%] sealing (hashing)
[2K[1A[2K[G[90%] sealing (after hashing)
[2K[1A[2K[G[91%] sealing (record hash)
[2K[1A[2K[G[91%] sealing (module assets processing)
[2K[1A[2K[G[92%] sealing (chunk assets processing)
[2K[1A[2K[G[92%] sealing (asset processing)
[2K[1A[2K[G[92%] sealing (asset processing copy-webpack-plugin)
[2K[1A[2K[G[92%] sealing (asset processing vue-cli:pwa-html-plugin)
[2K[1A[2K[G[92%] sealing (asset processing HotModuleReplacementPlugin)
[2K[1A[2K[G[92%] sealing (asset processing ESLintWebpackPlugin_1)
[2K[1A[2K[G[92%] sealing (asset processing PersistentChildCompilerSingletonPlugin)
[2K[1A[2K[G[92%] sealing (asset processing HtmlWebpackPlugin)
[2K[1A[2K[G[92%] sealing (asset processing)
[2K[1A[2K[G[93%] sealing (after asset optimization)
[2K[1A[2K[G[94%] sealing (recording)
[2K[1A[2K[G[94%] sealing (recording HotModuleReplacementPlugin)
[2K[1A[2K[G[94%] sealing (recording)
[2K[1A[2K[G[94%] sealing (after seal)
[2K[1A[2K[G[95%] emitting (emit)
[2K[1A[2K[G[98%] emitting (after emit)
[2K[1A[2K[GBuild finished at 17:22:47 by 0.000s
[2K[1A[2K[GBuild finished at 17:22:47 by 0.000s
[2K[1A[2K[GBuild finished at 17:22:47 by 0.000s
[2K[1A[2K[G WARNING  Compiled with 1 warning17:22:47

 warning  in ./src/App.vue?vue&type=style&index=0&id=7ba5bd90&lang=scss

Module Warning (from ./node_modules/sass-loader/dist/cjs.js):
Deprecation The legacy JS API is deprecated and will be removed in Dart Sass 2.0.0.

More info: https://sass-lang.com/d/legacy-js-api

Build finished at 17:22:47 by 0.000s
[2K[1A[2K[G
  App running at:
  - Local:   http://localhost:8099 
  - Network: unavailable

Build finished at 17:22:47 by 0.000s
[2K[1A[2K[GBuild finished at 17:22:47 by 0.000s
[2K[1A[2K[GBuild finished at 17:22:47 by 0.000s
[2K[1A[2K[GBuild finished at 17:22:47 by 0.000s
[2K[1A[2K[GBuild finished at 17:22:47 by 0.000s
[2K[1A[2K[GBuild finished at 17:22:47 by 0.000s
[2K[1A[2K[GBuild finished at 17:22:47 by 0.000s
[2K[1A[2K[GBuild finished at 17:22:47 by 0.000s
[2K[1A[2K[G WAIT  Compiling...17:22:56

Compiling...

[2K[1A[2K[G[1%] cache (end idle)
[2K[1A[2K[G[3%] setup (watch run)
[2K[1A[2K[G[3%] setup (watch run vue-loader-plugin)
[2K[1A[2K[G[3%] setup (watch run ESLintWebpackPlugin_1)
[2K[1A[2K[G[3%] setup (watch run webpack-dev-middleware)
[2K[1A[2K[G[3%] setup (watch run)
[2K[1A[2K[G[4%] setup (normal module factory)
[2K[1A[2K[G[4%] setup (normal module factory CaseSensitivePathsPlugin)
[2K[1A[2K[G[4%] setup (normal module factory)
[2K[1A[2K[G[5%] setup (context module factory)
[2K[1A[2K[G[6%] setup (before compile)
[2K[1A[2K[G[7%] setup (compile)
[2K[1A[2K[G[7%] setup (compile ExternalsPlugin)
[2K[1A[2K[G[7%] setup (compile)
[2K[1A[2K[G[8%] setup (compilation)
[2K[1A[2K[G[8%] setup (compilation HtmlWebpackPlugin)
[2K[1A[2K[G[8%] setup (compilation CopyPlugin)
[2K[1A[2K[G[8%] setup (compilation ArrayPushCallbackChunkFormatPlugin)
[2K[1A[2K[G[8%] setup (compilation JsonpChunkLoadingPlugin)
[2K[1A[2K[G[8%] setup (compilation StartupChunkDependenciesPlugin)
[2K[1A[2K[G[8%] setup (compilation ImportScriptsChunkLoadingPlugin)
[2K[1A[2K[G[8%] setup (compilation WorkerAndWorkletPlugin)
[2K[1A[2K[G[8%] setup (compilation SplitChunksPlugin)
[2K[1A[2K[G[8%] setup (compilation ResolverCachePlugin)
[2K[1A[2K[G[8%] setup (compilation)
[2K[1A[2K[G[9%] setup (compilation)
[2K[1A[2K[G[9%] setup (compilation vue-loader-plugin)
[2K[1A[2K[G[9%] setup (compilation DefinePlugin)
[2K[1A[2K[G[9%] setup (compilation vue-cli:pwa-html-plugin)
[2K[1A[2K[G[9%] setup (compilation DefinePlugin)
[2K[1A[2K[G[9%] setup (compilation ProgressPlugin)
[2K[1A[2K[G[9%] setup (compilation EntryPlugin)
[2K[1A[2K[G[9%] setup (compilation ExternalsPlugin)
[2K[1A[2K[G[9%] setup (compilation ChunkPrefetchPreloadPlugin)
[2K[1A[2K[G[9%] setup (compilation ResourceHintPlugin)
[2K[1A[2K[G[9%] setup (compilation ModuleInfoHeaderPlugin)
[2K[1A[2K[G[9%] setup (compilation EvalSourceMapDevToolPlugin)
[2K[1A[2K[G[9%] setup (compilation JavascriptModulesPlugin)
[2K[1A[2K[G[9%] setup (compilation JsonModulesPlugin)
[2K[1A[2K[G[9%] setup (compilation AssetModulesPlugin)
[2K[1A[2K[G[9%] setup (compilation EntryPlugin)
[2K[1A[2K[G[9%] setup (compilation RuntimePlugin)
[2K[1A[2K[G[9%] setup (compilation InferAsyncModulesPlugin)
[2K[1A[2K[G[9%] setup (compilation DataUriPlugin)
[2K[1A[2K[G[9%] setup (compilation FileUriPlugin)
[2K[1A[2K[G[9%] setup (compilation CompatibilityPlugin)
[2K[1A[2K[G[9%] setup (compilation HarmonyModulesPlugin)
[2K[1A[2K[G[9%] setup (compilation AMDPlugin)
[2K[1A[2K[G[9%] setup (compilation RequireJsStuffPlugin)
[2K[1A[2K[G[9%] setup (compilation CommonJsPlugin)
[2K[1A[2K[G[9%] setup (compilation LoaderPlugin)
[2K[1A[2K[G[9%] setup (compilation NodeStuffPlugin)
[2K[1A[2K[G[9%] setup (compilation APIPlugin)
[2K[1A[2K[G[9%] setup (compilation ExportsInfoApiPlugin)
[2K[1A[2K[G[9%] setup (compilation WebpackIsIncludedPlugin)
[2K[1A[2K[G[9%] setup (compilation ConstPlugin)
[2K[1A[2K[G[9%] setup (compilation UseStrictPlugin)
[2K[1A[2K[G[9%] setup (compilation RequireIncludePlugin)
[2K[1A[2K[G[9%] setup (compilation RequireEnsurePlugin)
[2K[1A[2K[G[9%] setup (compilation RequireContextPlugin)
[2K[1A[2K[G[9%] setup (compilation ImportPlugin)
[2K[1A[2K[G[9%] setup (compilation ImportMetaContextPlugin)
[2K[1A[2K[G[9%] setup (compilation SystemPlugin)
[2K[1A[2K[G[9%] setup (compilation ImportMetaPlugin)
[2K[1A[2K[G[9%] setup (compilation URLPlugin)
[2K[1A[2K[G[9%] setup (compilation DefaultStatsFactoryPlugin)
[2K[1A[2K[G[9%] setup (compilation DefaultStatsPresetPlugin)
[2K[1A[2K[G[9%] setup (compilation DefaultStatsPrinterPlugin)
[2K[1A[2K[G[9%] setup (compilation JavascriptMetaInfoPlugin)
[2K[1A[2K[G[9%] setup (compilation EnsureChunkConditionsPlugin)
[2K[1A[2K[G[9%] setup (compilation RemoveEmptyChunksPlugin)
[2K[1A[2K[G[9%] setup (compilation MergeDuplicateChunksPlugin)
[2K[1A[2K[G[9%] setup (compilation SideEffectsFlagPlugin)
[2K[1A[2K[G[9%] setup (compilation FlagDependencyExportsPlugin)
[2K[1A[2K[G[9%] setup (compilation ConstExportsPlugin)
[2K[1A[2K[G[9%] setup (compilation NamedModuleIdsPlugin)
[2K[1A[2K[G[9%] setup (compilation NamedChunkIdsPlugin)
[2K[1A[2K[G[9%] setup (compilation DefinePlugin)
[2K[1A[2K[G[9%] setup (compilation TemplatedPathPlugin)
[2K[1A[2K[G[9%] setup (compilation RecordIdsPlugin)
[2K[1A[2K[G[9%] setup (compilation WarnCaseSensitiveModulesPlugin)
[2K[1A[2K[G[9%] setup (compilation EntryPlugin)
[2K[1A[2K[G[9%] setup (compilation ProvidePlugin)
[2K[1A[2K[G[9%] setup (compilation HotModuleReplacementPlugin)
[2K[1A[2K[G[9%] setup (compilation ProgressPlugin)
[2K[1A[2K[G[9%] setup (compilation ESLintWebpackPlugin_1)
[2K[1A[2K[G[9%] setup (compilation)
[2K[1A[2K[G[10%] building 
[2K[1A[2K[G[10%] building (0/0 modules)
[2K[1A[2K[G[24%] building (1/4 modules)
[2K[1A[2K[G[38%] building (22/13 modules)
[2K[1A[2K[G[51%] building (36/14 modules)
[2K[1A[2K[G[65%] building (904/97 modules)
[2K[1A[2K[G[65%] building 
[2K[1A[2K[G[69%] building (finish)
[2K[1A[2K[G[70%] sealing (finish module graph)
[2K[1A[2K[G[70%] sealing (finish module graph ResolverCachePlugin)
[2K[1A[2K[G[70%] sealing (finish module graph InferAsyncModulesPlugin)
[2K[1A[2K[G[70%] sealing (finish module graph FlagDependencyExportsPlugin)
[2K[1A[2K[G[70%] sealing (finish module graph ESLintWebpackPlugin_1)
[2K[1A[2K[G[70%] sealing (finish module graph)
[2K[1A[2K[G[71%] sealing (plugins)
[2K[1A[2K[G[71%] sealing (plugins WarnCaseSensitiveModulesPlugin)
[2K[1A[2K[G[71%] sealing (plugins)
[2K[1A[2K[G[71%] sealing (dependencies optimization)
[2K[1A[2K[G[71%] sealing (dependencies optimization SideEffectsFlagPlugin)
[2K[1A[2K[G[71%] sealing (dependencies optimization)
[2K[1A[2K[G[72%] sealing (after dependencies optimization)
[2K[1A[2K[G[73%] sealing (chunk graph)
[2K[1A[2K[G[73%] sealing (after chunk graph)
[2K[1A[2K[G[74%] sealing (optimizing)
[2K[1A[2K[G[74%] sealing (module optimization)
[2K[1A[2K[G[75%] sealing (after module optimization)
[2K[1A[2K[G[76%] sealing (chunk optimization)
[2K[1A[2K[G[76%] sealing (chunk optimization EnsureChunkConditionsPlugin)
[2K[1A[2K[G[76%] sealing (chunk optimization RemoveEmptyChunksPlugin)
[2K[1A[2K[G[76%] sealing (chunk optimization MergeDuplicateChunksPlugin)
[2K[1A[2K[G[76%] sealing (chunk optimization SplitChunksPlugin)
[2K[1A[2K[G[76%] sealing (chunk optimization RemoveEmptyChunksPlugin)
[2K[1A[2K[G[76%] sealing (chunk optimization)
[2K[1A[2K[G[76%] sealing (after chunk optimization)
[2K[1A[2K[G[77%] sealing (module and chunk tree optimization)
[2K[1A[2K[G[77%] sealing (module and chunk tree optimization PersistentChildCompilerSinglet
onPlugin)
[2K[1A[2K[1A[2K[G[77%] sealing (module and chunk tree optimization)
[2K[1A[2K[G[78%] sealing (after module and chunk tree optimization)
[2K[1A[2K[G[78%] sealing (chunk modules optimization)
[2K[1A[2K[G[79%] sealing (after chunk modules optimization)
[2K[1A[2K[G[80%] sealing (module reviving)
[2K[1A[2K[G[80%] sealing (module reviving RecordIdsPlugin)
[2K[1A[2K[G[80%] sealing (module reviving)
[2K[1A[2K[G[80%] sealing (before module ids)
[2K[1A[2K[G[81%] sealing (module ids)
[2K[1A[2K[G[81%] sealing (module ids NamedModuleIdsPlugin)
[2K[1A[2K[G[81%] sealing (module ids)
[2K[1A[2K[G[82%] sealing (module id optimization)
[2K[1A[2K[G[82%] sealing (module id optimization)
[2K[1A[2K[G[83%] sealing (chunk reviving)
[2K[1A[2K[G[83%] sealing (chunk reviving RecordIdsPlugin)
[2K[1A[2K[G[83%] sealing (chunk reviving)
[2K[1A[2K[G[83%] sealing (before chunk ids)
[2K[1A[2K[G[84%] sealing (chunk ids)
[2K[1A[2K[G[84%] sealing (chunk ids NamedChunkIdsPlugin)
[2K[1A[2K[G[84%] sealing (chunk ids)
[2K[1A[2K[G[85%] sealing (chunk id optimization)
[2K[1A[2K[G[85%] sealing (after chunk id optimization)
[2K[1A[2K[G[86%] sealing (record modules)
[2K[1A[2K[G[86%] sealing (record modules RecordIdsPlugin)
[2K[1A[2K[G[86%] sealing (record modules)
[2K[1A[2K[G[87%] sealing (record chunks)
[2K[1A[2K[G[87%] sealing (record chunks RecordIdsPlugin)
[2K[1A[2K[G[87%] sealing (record chunks)
[2K[1A[2K[G[87%] sealing (module hashing)
[2K[1A[2K[G[88%] sealing (code generation)
[2K[1A[2K[G[89%] sealing (runtime requirements)
[2K[1A[2K[G[89%] sealing (hashing)
[2K[1A[2K[G[90%] sealing (after hashing)
[2K[1A[2K[G[91%] sealing (record hash)
[2K[1A[2K[G[91%] sealing (module assets processing)
[2K[1A[2K[G[92%] sealing (chunk assets processing)
[2K[1A[2K[G[92%] sealing (asset processing)
[2K[1A[2K[G[92%] sealing (asset processing copy-webpack-plugin)
[2K[1A[2K[G[92%] sealing (asset processing vue-cli:pwa-html-plugin)
[2K[1A[2K[G[92%] sealing (asset processing HotModuleReplacementPlugin)
[2K[1A[2K[G[92%] sealing (asset processing ESLintWebpackPlugin_1)
[2K[1A[2K[G[92%] sealing (asset processing PersistentChildCompilerSingletonPlugin)
[2K[1A[2K[G[92%] sealing (asset processing HtmlWebpackPlugin)
[2K[1A[2K[G[92%] sealing (asset processing)
[2K[1A[2K[G[93%] sealing (after asset optimization)
[2K[1A[2K[G[94%] sealing (recording)
[2K[1A[2K[G[94%] sealing (recording HotModuleReplacementPlugin)
[2K[1A[2K[G[94%] sealing (recording)
[2K[1A[2K[G[94%] sealing (after seal)
[2K[1A[2K[G[95%] emitting (emit)
[2K[1A[2K[G[98%] emitting (after emit)
[2K[1A[2K[GBuild finished at 17:22:56 by 0.000s
[2K[1A[2K[GBuild finished at 17:22:56 by 0.000s
[2K[1A[2K[GBuild finished at 17:22:56 by 0.000s
[2K[1A[2K[G WARNING  Compiled with 1 warning17:22:56

 warning  in ./src/App.vue?vue&type=style&index=0&id=7ba5bd90&lang=scss

Module Warning (from ./node_modules/sass-loader/dist/cjs.js):
Deprecation The legacy JS API is deprecated and will be removed in Dart Sass 2.0.0.

More info: https://sass-lang.com/d/legacy-js-api

Build finished at 17:22:56 by 0.000s
[2K[1A[2K[G
  App running at:
  - Local:   http://localhost:8099 
  - Network: unavailable

Build finished at 17:22:56 by 0.000s
[2K[1A[2K[GBuild finished at 17:22:56 by 0.000s
[2K[1A[2K[GBuild finished at 17:22:56 by 0.000s
[2K[1A[2K[GBuild finished at 17:22:56 by 0.000s
[2K[1A[2K[GBuild finished at 17:22:56 by 0.000s
[2K[1A[2K[GBuild finished at 17:22:56 by 0.000s
[2K[1A[2K[GBuild finished at 17:22:56 by 0.000s
[2K[1A[2K[GBuild finished at 17:22:56 by 0.000s
[2K[1A[2K[G WAIT  Compiling...17:23:43

Compiling...

[2K[1A[2K[G[1%] cache (end idle)
[2K[1A[2K[G[3%] setup (watch run)
[2K[1A[2K[G[3%] setup (watch run vue-loader-plugin)
[2K[1A[2K[G[3%] setup (watch run ESLintWebpackPlugin_1)
[2K[1A[2K[G[3%] setup (watch run webpack-dev-middleware)
[2K[1A[2K[G[3%] setup (watch run)
[2K[1A[2K[G[4%] setup (normal module factory)
[2K[1A[2K[G[4%] setup (normal module factory CaseSensitivePathsPlugin)
[2K[1A[2K[G[4%] setup (normal module factory)
[2K[1A[2K[G[5%] setup (context module factory)
[2K[1A[2K[G[6%] setup (before compile)
[2K[1A[2K[G[7%] setup (compile)
[2K[1A[2K[G[7%] setup (compile ExternalsPlugin)
[2K[1A[2K[G[7%] setup (compile)
[2K[1A[2K[G[8%] setup (compilation)
[2K[1A[2K[G[8%] setup (compilation HtmlWebpackPlugin)
[2K[1A[2K[G[8%] setup (compilation CopyPlugin)
[2K[1A[2K[G[8%] setup (compilation ArrayPushCallbackChunkFormatPlugin)
[2K[1A[2K[G[8%] setup (compilation JsonpChunkLoadingPlugin)
[2K[1A[2K[G[8%] setup (compilation StartupChunkDependenciesPlugin)
[2K[1A[2K[G[8%] setup (compilation ImportScriptsChunkLoadingPlugin)
[2K[1A[2K[G[8%] setup (compilation WorkerAndWorkletPlugin)
[2K[1A[2K[G[8%] setup (compilation SplitChunksPlugin)
[2K[1A[2K[G[8%] setup (compilation ResolverCachePlugin)
[2K[1A[2K[G[8%] setup (compilation)
[2K[1A[2K[G[9%] setup (compilation)
[2K[1A[2K[G[9%] setup (compilation vue-loader-plugin)
[2K[1A[2K[G[9%] setup (compilation DefinePlugin)
[2K[1A[2K[G[9%] setup (compilation vue-cli:pwa-html-plugin)
[2K[1A[2K[G[9%] setup (compilation DefinePlugin)
[2K[1A[2K[G[9%] setup (compilation ProgressPlugin)
[2K[1A[2K[G[9%] setup (compilation EntryPlugin)
[2K[1A[2K[G[9%] setup (compilation ExternalsPlugin)
[2K[1A[2K[G[9%] setup (compilation ChunkPrefetchPreloadPlugin)
[2K[1A[2K[G[9%] setup (compilation ResourceHintPlugin)
[2K[1A[2K[G[9%] setup (compilation ModuleInfoHeaderPlugin)
[2K[1A[2K[G[9%] setup (compilation EvalSourceMapDevToolPlugin)
[2K[1A[2K[G[9%] setup (compilation JavascriptModulesPlugin)
[2K[1A[2K[G[9%] setup (compilation JsonModulesPlugin)
[2K[1A[2K[G[9%] setup (compilation AssetModulesPlugin)
[2K[1A[2K[G[9%] setup (compilation EntryPlugin)
[2K[1A[2K[G[9%] setup (compilation RuntimePlugin)
[2K[1A[2K[G[9%] setup (compilation InferAsyncModulesPlugin)
[2K[1A[2K[G[9%] setup (compilation DataUriPlugin)
[2K[1A[2K[G[9%] setup (compilation FileUriPlugin)
[2K[1A[2K[G[9%] setup (compilation CompatibilityPlugin)
[2K[1A[2K[G[9%] setup (compilation HarmonyModulesPlugin)
[2K[1A[2K[G[9%] setup (compilation AMDPlugin)
[2K[1A[2K[G[9%] setup (compilation RequireJsStuffPlugin)
[2K[1A[2K[G[9%] setup (compilation CommonJsPlugin)
[2K[1A[2K[G[9%] setup (compilation LoaderPlugin)
[2K[1A[2K[G[9%] setup (compilation NodeStuffPlugin)
[2K[1A[2K[G[9%] setup (compilation APIPlugin)
[2K[1A[2K[G[9%] setup (compilation ExportsInfoApiPlugin)
[2K[1A[2K[G[9%] setup (compilation WebpackIsIncludedPlugin)
[2K[1A[2K[G[9%] setup (compilation ConstPlugin)
[2K[1A[2K[G[9%] setup (compilation UseStrictPlugin)
[2K[1A[2K[G[9%] setup (compilation RequireIncludePlugin)
[2K[1A[2K[G[9%] setup (compilation RequireEnsurePlugin)
[2K[1A[2K[G[9%] setup (compilation RequireContextPlugin)
[2K[1A[2K[G[9%] setup (compilation ImportPlugin)
[2K[1A[2K[G[9%] setup (compilation ImportMetaContextPlugin)
[2K[1A[2K[G[9%] setup (compilation SystemPlugin)
[2K[1A[2K[G[9%] setup (compilation ImportMetaPlugin)
[2K[1A[2K[G[9%] setup (compilation URLPlugin)
[2K[1A[2K[G[9%] setup (compilation DefaultStatsFactoryPlugin)
[2K[1A[2K[G[9%] setup (compilation DefaultStatsPresetPlugin)
[2K[1A[2K[G[9%] setup (compilation DefaultStatsPrinterPlugin)
[2K[1A[2K[G[9%] setup (compilation JavascriptMetaInfoPlugin)
[2K[1A[2K[G[9%] setup (compilation EnsureChunkConditionsPlugin)
[2K[1A[2K[G[9%] setup (compilation RemoveEmptyChunksPlugin)
[2K[1A[2K[G[9%] setup (compilation MergeDuplicateChunksPlugin)
[2K[1A[2K[G[9%] setup (compilation SideEffectsFlagPlugin)
[2K[1A[2K[G[9%] setup (compilation FlagDependencyExportsPlugin)
[2K[1A[2K[G[9%] setup (compilation ConstExportsPlugin)
[2K[1A[2K[G[9%] setup (compilation NamedModuleIdsPlugin)
[2K[1A[2K[G[9%] setup (compilation NamedChunkIdsPlugin)
[2K[1A[2K[G[9%] setup (compilation DefinePlugin)
[2K[1A[2K[G[9%] setup (compilation TemplatedPathPlugin)
[2K[1A[2K[G[9%] setup (compilation RecordIdsPlugin)
[2K[1A[2K[G[9%] setup (compilation WarnCaseSensitiveModulesPlugin)
[2K[1A[2K[G[9%] setup (compilation EntryPlugin)
[2K[1A[2K[G[9%] setup (compilation ProvidePlugin)
[2K[1A[2K[G[9%] setup (compilation HotModuleReplacementPlugin)
[2K[1A[2K[G[9%] setup (compilation ProgressPlugin)
[2K[1A[2K[G[9%] setup (compilation ESLintWebpackPlugin_1)
[2K[1A[2K[G[9%] setup (compilation)
[2K[1A[2K[G[10%] building 
[2K[1A[2K[G[10%] building (0/0 modules)
[2K[1A[2K[G[24%] building (1/4 modules)
[2K[1A[2K[G[38%] building (22/13 modules)
[2K[1A[2K[G[51%] building (36/14 modules)
[2K[1A[2K[G[51%] building (import loader vue-loader/dist/index.js)
[2K[1A[2K[G[51%] building (776/35 modules)
[2K[1A[2K[G[51%] building (import loader babel-loader/lib/index.js)
[2K[1A[2K[G[51%] building (import loader vue-loader/dist/templateLoader.js)
[2K[1A[2K[G[51%] building (789/65 modules)
[2K[1A[2K[G[51%] building (import loader css-loader/dist/cjs.js)
[2K[1A[2K[G[51%] building (import loader vue-loader/dist/stylePostLoader.js)
[2K[1A[2K[G[51%] building (import loader postcss-loader/dist/cjs.js)
[2K[1A[2K[G[51%] building (import loader sass-loader/dist/cjs.js)
[2K[1A[2K[G[51%] building (821/66 modules)
[2K[1A[2K[G[65%] building (904/101 modules)
[2K[1A[2K[G[65%] building 
[2K[1A[2K[G[69%] building (finish)
[2K[1A[2K[G[70%] sealing (finish module graph)
[2K[1A[2K[G[70%] sealing (finish module graph ResolverCachePlugin)
[2K[1A[2K[G[70%] sealing (finish module graph InferAsyncModulesPlugin)
[2K[1A[2K[G[70%] sealing (finish module graph FlagDependencyExportsPlugin)
[2K[1A[2K[G[70%] sealing (finish module graph ESLintWebpackPlugin_1)
[2K[1A[2K[G[70%] sealing (finish module graph)
[2K[1A[2K[G[71%] sealing (plugins)
[2K[1A[2K[G[71%] sealing (plugins WarnCaseSensitiveModulesPlugin)
[2K[1A[2K[G[71%] sealing (plugins)
[2K[1A[2K[G[71%] sealing (dependencies optimization)
[2K[1A[2K[G[71%] sealing (dependencies optimization SideEffectsFlagPlugin)
[2K[1A[2K[G[71%] sealing (dependencies optimization)
[2K[1A[2K[G[72%] sealing (after dependencies optimization)
[2K[1A[2K[G[73%] sealing (chunk graph)
[2K[1A[2K[G[73%] sealing (after chunk graph)
[2K[1A[2K[G[74%] sealing (optimizing)
[2K[1A[2K[G[74%] sealing (module optimization)
[2K[1A[2K[G[75%] sealing (after module optimization)
[2K[1A[2K[G[76%] sealing (chunk optimization)
[2K[1A[2K[G[76%] sealing (chunk optimization EnsureChunkConditionsPlugin)
[2K[1A[2K[G[76%] sealing (chunk optimization RemoveEmptyChunksPlugin)
[2K[1A[2K[G[76%] sealing (chunk optimization MergeDuplicateChunksPlugin)
[2K[1A[2K[G[76%] sealing (chunk optimization SplitChunksPlugin)
[2K[1A[2K[G[76%] sealing (chunk optimization RemoveEmptyChunksPlugin)
[2K[1A[2K[G[76%] sealing (chunk optimization)
[2K[1A[2K[G[76%] sealing (after chunk optimization)
[2K[1A[2K[G[77%] sealing (module and chunk tree optimization)
[2K[1A[2K[G[77%] sealing (module and chunk tree optimization PersistentChildCompilerSinglet
onPlugin)
[2K[1A[2K[1A[2K[G[77%] sealing (module and chunk tree optimization)
[2K[1A[2K[G[78%] sealing (after module and chunk tree optimization)
[2K[1A[2K[G[78%] sealing (chunk modules optimization)
[2K[1A[2K[G[79%] sealing (after chunk modules optimization)
[2K[1A[2K[G[80%] sealing (module reviving)
[2K[1A[2K[G[80%] sealing (module reviving RecordIdsPlugin)
[2K[1A[2K[G[80%] sealing (module reviving)
[2K[1A[2K[G[80%] sealing (before module ids)
[2K[1A[2K[G[81%] sealing (module ids)
[2K[1A[2K[G[81%] sealing (module ids NamedModuleIdsPlugin)
[2K[1A[2K[G[81%] sealing (module ids)
[2K[1A[2K[G[82%] sealing (module id optimization)
[2K[1A[2K[G[82%] sealing (module id optimization)
[2K[1A[2K[G[83%] sealing (chunk reviving)
[2K[1A[2K[G[83%] sealing (chunk reviving RecordIdsPlugin)
[2K[1A[2K[G[83%] sealing (chunk reviving)
[2K[1A[2K[G[83%] sealing (before chunk ids)
[2K[1A[2K[G[84%] sealing (chunk ids)
[2K[1A[2K[G[84%] sealing (chunk ids NamedChunkIdsPlugin)
[2K[1A[2K[G[84%] sealing (chunk ids)
[2K[1A[2K[G[85%] sealing (chunk id optimization)
[2K[1A[2K[G[85%] sealing (after chunk id optimization)
[2K[1A[2K[G[86%] sealing (record modules)
[2K[1A[2K[G[86%] sealing (record modules RecordIdsPlugin)
[2K[1A[2K[G[86%] sealing (record modules)
[2K[1A[2K[G[87%] sealing (record chunks)
[2K[1A[2K[G[87%] sealing (record chunks RecordIdsPlugin)
[2K[1A[2K[G[87%] sealing (record chunks)
[2K[1A[2K[G[87%] sealing (module hashing)
[2K[1A[2K[G[88%] sealing (code generation)
[2K[1A[2K[G[89%] sealing (runtime requirements)
[2K[1A[2K[G[89%] sealing (hashing)
[2K[1A[2K[G[90%] sealing (after hashing)
[2K[1A[2K[G[91%] sealing (record hash)
[2K[1A[2K[G[91%] sealing (module assets processing)
[2K[1A[2K[G[92%] sealing (chunk assets processing)
[2K[1A[2K[G[92%] sealing (asset processing)
[2K[1A[2K[G[92%] sealing (asset processing copy-webpack-plugin)
[2K[1A[2K[G[92%] sealing (asset processing vue-cli:pwa-html-plugin)
[2K[1A[2K[G[92%] sealing (asset processing HotModuleReplacementPlugin)
[2K[1A[2K[G[92%] sealing (asset processing ESLintWebpackPlugin_1)
[2K[1A[2K[G[92%] sealing (asset processing PersistentChildCompilerSingletonPlugin)
[2K[1A[2K[G[92%] sealing (asset processing HtmlWebpackPlugin)
[2K[1A[2K[G[92%] sealing (asset processing)
[2K[1A[2K[G[93%] sealing (after asset optimization)
[2K[1A[2K[G[94%] sealing (recording)
[2K[1A[2K[G[94%] sealing (recording HotModuleReplacementPlugin)
[2K[1A[2K[G[94%] sealing (recording)
[2K[1A[2K[G[94%] sealing (after seal)
[2K[1A[2K[G[95%] emitting (emit)
[2K[1A[2K[G[98%] emitting (after emit)
[2K[1A[2K[GBuild finished at 17:23:43 by 0.000s
[2K[1A[2K[GBuild finished at 17:23:43 by 0.000s
[2K[1A[2K[GBuild finished at 17:23:43 by 0.000s
[2K[1A[2K[G WARNING  Compiled with 1 warning17:23:43

 warning  in ./src/App.vue?vue&type=style&index=0&id=7ba5bd90&lang=scss

Module Warning (from ./node_modules/sass-loader/dist/cjs.js):
Deprecation The legacy JS API is deprecated and will be removed in Dart Sass 2.0.0.

More info: https://sass-lang.com/d/legacy-js-api

Build finished at 17:23:43 by 0.000s
[2K[1A[2K[G
  App running at:
  - Local:   http://localhost:8099 
  - Network: unavailable

Build finished at 17:23:43 by 0.000s
[2K[1A[2K[GBuild finished at 17:23:43 by 0.000s
[2K[1A[2K[GBuild finished at 17:23:43 by 0.000s
[2K[1A[2K[GBuild finished at 17:23:43 by 0.000s
[2K[1A[2K[GBuild finished at 17:23:43 by 0.000s
[2K[1A[2K[GBuild finished at 17:23:43 by 0.000s
[2K[1A[2K[GBuild finished at 17:23:43 by 0.000s
[2K[1A[2K[GBuild finished at 17:23:43 by 0.000s
[2K[1A[2K[G WAIT  Compiling...17:23:52

Compiling...

[2K[1A[2K[G[1%] cache (end idle)
[2K[1A[2K[G[3%] setup (watch run)
[2K[1A[2K[G[3%] setup (watch run vue-loader-plugin)
[2K[1A[2K[G[3%] setup (watch run ESLintWebpackPlugin_1)
[2K[1A[2K[G[3%] setup (watch run webpack-dev-middleware)
[2K[1A[2K[G[3%] setup (watch run)
[2K[1A[2K[G[4%] setup (normal module factory)
[2K[1A[2K[G[4%] setup (normal module factory CaseSensitivePathsPlugin)
[2K[1A[2K[G[4%] setup (normal module factory)
[2K[1A[2K[G[5%] setup (context module factory)
[2K[1A[2K[G[6%] setup (before compile)
[2K[1A[2K[G[7%] setup (compile)
[2K[1A[2K[G[7%] setup (compile ExternalsPlugin)
[2K[1A[2K[G[7%] setup (compile)
[2K[1A[2K[G[8%] setup (compilation)
[2K[1A[2K[G[8%] setup (compilation HtmlWebpackPlugin)
[2K[1A[2K[G[8%] setup (compilation CopyPlugin)
[2K[1A[2K[G[8%] setup (compilation ArrayPushCallbackChunkFormatPlugin)
[2K[1A[2K[G[8%] setup (compilation JsonpChunkLoadingPlugin)
[2K[1A[2K[G[8%] setup (compilation StartupChunkDependenciesPlugin)
[2K[1A[2K[G[8%] setup (compilation ImportScriptsChunkLoadingPlugin)
[2K[1A[2K[G[8%] setup (compilation WorkerAndWorkletPlugin)
[2K[1A[2K[G[8%] setup (compilation SplitChunksPlugin)
[2K[1A[2K[G[8%] setup (compilation ResolverCachePlugin)
[2K[1A[2K[G[8%] setup (compilation)
[2K[1A[2K[G[9%] setup (compilation)
[2K[1A[2K[G[9%] setup (compilation vue-loader-plugin)
[2K[1A[2K[G[9%] setup (compilation DefinePlugin)
[2K[1A[2K[G[9%] setup (compilation vue-cli:pwa-html-plugin)
[2K[1A[2K[G[9%] setup (compilation DefinePlugin)
[2K[1A[2K[G[9%] setup (compilation ProgressPlugin)
[2K[1A[2K[G[9%] setup (compilation EntryPlugin)
[2K[1A[2K[G[9%] setup (compilation ExternalsPlugin)
[2K[1A[2K[G[9%] setup (compilation ChunkPrefetchPreloadPlugin)
[2K[1A[2K[G[9%] setup (compilation ResourceHintPlugin)
[2K[1A[2K[G[9%] setup (compilation ModuleInfoHeaderPlugin)
[2K[1A[2K[G[9%] setup (compilation EvalSourceMapDevToolPlugin)
[2K[1A[2K[G[9%] setup (compilation JavascriptModulesPlugin)
[2K[1A[2K[G[9%] setup (compilation JsonModulesPlugin)
[2K[1A[2K[G[9%] setup (compilation AssetModulesPlugin)
[2K[1A[2K[G[9%] setup (compilation EntryPlugin)
[2K[1A[2K[G[9%] setup (compilation RuntimePlugin)
[2K[1A[2K[G[9%] setup (compilation InferAsyncModulesPlugin)
[2K[1A[2K[G[9%] setup (compilation DataUriPlugin)
[2K[1A[2K[G[9%] setup (compilation FileUriPlugin)
[2K[1A[2K[G[9%] setup (compilation CompatibilityPlugin)
[2K[1A[2K[G[9%] setup (compilation HarmonyModulesPlugin)
[2K[1A[2K[G[9%] setup (compilation AMDPlugin)
[2K[1A[2K[G[9%] setup (compilation RequireJsStuffPlugin)
[2K[1A[2K[G[9%] setup (compilation CommonJsPlugin)
[2K[1A[2K[G[9%] setup (compilation LoaderPlugin)
[2K[1A[2K[G[9%] setup (compilation NodeStuffPlugin)
[2K[1A[2K[G[9%] setup (compilation APIPlugin)
[2K[1A[2K[G[9%] setup (compilation ExportsInfoApiPlugin)
[2K[1A[2K[G[9%] setup (compilation WebpackIsIncludedPlugin)
[2K[1A[2K[G[9%] setup (compilation ConstPlugin)
[2K[1A[2K[G[9%] setup (compilation UseStrictPlugin)
[2K[1A[2K[G[9%] setup (compilation RequireIncludePlugin)
[2K[1A[2K[G[9%] setup (compilation RequireEnsurePlugin)
[2K[1A[2K[G[9%] setup (compilation RequireContextPlugin)
[2K[1A[2K[G[9%] setup (compilation ImportPlugin)
[2K[1A[2K[G[9%] setup (compilation ImportMetaContextPlugin)
[2K[1A[2K[G[9%] setup (compilation SystemPlugin)
[2K[1A[2K[G[9%] setup (compilation ImportMetaPlugin)
[2K[1A[2K[G[9%] setup (compilation URLPlugin)
[2K[1A[2K[G[9%] setup (compilation DefaultStatsFactoryPlugin)
[2K[1A[2K[G[9%] setup (compilation DefaultStatsPresetPlugin)
[2K[1A[2K[G[9%] setup (compilation DefaultStatsPrinterPlugin)
[2K[1A[2K[G[9%] setup (compilation JavascriptMetaInfoPlugin)
[2K[1A[2K[G[9%] setup (compilation EnsureChunkConditionsPlugin)
[2K[1A[2K[G[9%] setup (compilation RemoveEmptyChunksPlugin)
[2K[1A[2K[G[9%] setup (compilation MergeDuplicateChunksPlugin)
[2K[1A[2K[G[9%] setup (compilation SideEffectsFlagPlugin)
[2K[1A[2K[G[9%] setup (compilation FlagDependencyExportsPlugin)
[2K[1A[2K[G[9%] setup (compilation ConstExportsPlugin)
[2K[1A[2K[G[9%] setup (compilation NamedModuleIdsPlugin)
[2K[1A[2K[G[9%] setup (compilation NamedChunkIdsPlugin)
[2K[1A[2K[G[9%] setup (compilation DefinePlugin)
[2K[1A[2K[G[9%] setup (compilation TemplatedPathPlugin)
[2K[1A[2K[G[9%] setup (compilation RecordIdsPlugin)
[2K[1A[2K[G[9%] setup (compilation WarnCaseSensitiveModulesPlugin)
[2K[1A[2K[G[9%] setup (compilation EntryPlugin)
[2K[1A[2K[G[9%] setup (compilation ProvidePlugin)
[2K[1A[2K[G[9%] setup (compilation HotModuleReplacementPlugin)
[2K[1A[2K[G[9%] setup (compilation ProgressPlugin)
[2K[1A[2K[G[9%] setup (compilation ESLintWebpackPlugin_1)
[2K[1A[2K[G[9%] setup (compilation)
[2K[1A[2K[G[10%] building 
[2K[1A[2K[G[10%] building (0/0 modules)
[2K[1A[2K[G[24%] building (7/6 modules)
[2K[1A[2K[G[38%] building (26/14 modules)
[2K[1A[2K[G[51%] building (33/16 modules)
[2K[1A[2K[G[51%] building (import loader vue-loader/dist/index.js)
[2K[1A[2K[G[51%] building (800/58 modules)
[2K[1A[2K[G[51%] building (import loader babel-loader/lib/index.js)
[2K[1A[2K[G[51%] building (import loader vue-loader/dist/templateLoader.js)
[2K[1A[2K[G[51%] building (859/65 modules)
[2K[1A[2K[G[51%] building (import loader css-loader/dist/cjs.js)
[2K[1A[2K[G[51%] building (import loader vue-loader/dist/stylePostLoader.js)
[2K[1A[2K[G[51%] building (import loader postcss-loader/dist/cjs.js)
[2K[1A[2K[G[51%] building (import loader sass-loader/dist/cjs.js)
[2K[1A[2K[G[51%] building (859/66 modules)
[2K[1A[2K[G[65%] building (904/101 modules)
[2K[1A[2K[G[65%] building 
[2K[1A[2K[G[69%] building (finish)
[2K[1A[2K[G[70%] sealing (finish module graph)
[2K[1A[2K[G[70%] sealing (finish module graph ResolverCachePlugin)
[2K[1A[2K[G[70%] sealing (finish module graph InferAsyncModulesPlugin)
[2K[1A[2K[G[70%] sealing (finish module graph FlagDependencyExportsPlugin)
[2K[1A[2K[G[70%] sealing (finish module graph ESLintWebpackPlugin_1)
[2K[1A[2K[G[70%] sealing (finish module graph)
[2K[1A[2K[G[71%] sealing (plugins)
[2K[1A[2K[G[71%] sealing (plugins WarnCaseSensitiveModulesPlugin)
[2K[1A[2K[G[71%] sealing (plugins)
[2K[1A[2K[G[71%] sealing (dependencies optimization)
[2K[1A[2K[G[71%] sealing (dependencies optimization SideEffectsFlagPlugin)
[2K[1A[2K[G[71%] sealing (dependencies optimization)
[2K[1A[2K[G[72%] sealing (after dependencies optimization)
[2K[1A[2K[G[73%] sealing (chunk graph)
[2K[1A[2K[G[73%] sealing (after chunk graph)
[2K[1A[2K[G[74%] sealing (optimizing)
[2K[1A[2K[G[74%] sealing (module optimization)
[2K[1A[2K[G[75%] sealing (after module optimization)
[2K[1A[2K[G[76%] sealing (chunk optimization)
[2K[1A[2K[G[76%] sealing (chunk optimization EnsureChunkConditionsPlugin)
[2K[1A[2K[G[76%] sealing (chunk optimization RemoveEmptyChunksPlugin)
[2K[1A[2K[G[76%] sealing (chunk optimization MergeDuplicateChunksPlugin)
[2K[1A[2K[G[76%] sealing (chunk optimization SplitChunksPlugin)
[2K[1A[2K[G[76%] sealing (chunk optimization RemoveEmptyChunksPlugin)
[2K[1A[2K[G[76%] sealing (chunk optimization)
[2K[1A[2K[G[76%] sealing (after chunk optimization)
[2K[1A[2K[G[77%] sealing (module and chunk tree optimization)
[2K[1A[2K[G[77%] sealing (module and chunk tree optimization PersistentChildCompilerSinglet
onPlugin)
[2K[1A[2K[1A[2K[G[77%] sealing (module and chunk tree optimization)
[2K[1A[2K[G[78%] sealing (after module and chunk tree optimization)
[2K[1A[2K[G[78%] sealing (chunk modules optimization)
[2K[1A[2K[G[79%] sealing (after chunk modules optimization)
[2K[1A[2K[G[80%] sealing (module reviving)
[2K[1A[2K[G[80%] sealing (module reviving RecordIdsPlugin)
[2K[1A[2K[G[80%] sealing (module reviving)
[2K[1A[2K[G[80%] sealing (before module ids)
[2K[1A[2K[G[81%] sealing (module ids)
[2K[1A[2K[G[81%] sealing (module ids NamedModuleIdsPlugin)
[2K[1A[2K[G[81%] sealing (module ids)
[2K[1A[2K[G[82%] sealing (module id optimization)
[2K[1A[2K[G[82%] sealing (module id optimization)
[2K[1A[2K[G[83%] sealing (chunk reviving)
[2K[1A[2K[G[83%] sealing (chunk reviving RecordIdsPlugin)
[2K[1A[2K[G[83%] sealing (chunk reviving)
[2K[1A[2K[G[83%] sealing (before chunk ids)
[2K[1A[2K[G[84%] sealing (chunk ids)
[2K[1A[2K[G[84%] sealing (chunk ids NamedChunkIdsPlugin)
[2K[1A[2K[G[84%] sealing (chunk ids)
[2K[1A[2K[G[85%] sealing (chunk id optimization)
[2K[1A[2K[G[85%] sealing (after chunk id optimization)
[2K[1A[2K[G[86%] sealing (record modules)
[2K[1A[2K[G[86%] sealing (record modules RecordIdsPlugin)
[2K[1A[2K[G[86%] sealing (record modules)
[2K[1A[2K[G[87%] sealing (record chunks)
[2K[1A[2K[G[87%] sealing (record chunks RecordIdsPlugin)
[2K[1A[2K[G[87%] sealing (record chunks)
[2K[1A[2K[G[87%] sealing (module hashing)
[2K[1A[2K[G[88%] sealing (code generation)
[2K[1A[2K[G[89%] sealing (runtime requirements)
[2K[1A[2K[G[89%] sealing (hashing)
[2K[1A[2K[G[90%] sealing (after hashing)
[2K[1A[2K[G[91%] sealing (record hash)
[2K[1A[2K[G[91%] sealing (module assets processing)
[2K[1A[2K[G[92%] sealing (chunk assets processing)
[2K[1A[2K[G[92%] sealing (asset processing)
[2K[1A[2K[G[92%] sealing (asset processing copy-webpack-plugin)
[2K[1A[2K[G[92%] sealing (asset processing vue-cli:pwa-html-plugin)
[2K[1A[2K[G[92%] sealing (asset processing HotModuleReplacementPlugin)
[2K[1A[2K[G[92%] sealing (asset processing ESLintWebpackPlugin_1)
[2K[1A[2K[G[92%] sealing (asset processing PersistentChildCompilerSingletonPlugin)
[2K[1A[2K[G[92%] sealing (asset processing HtmlWebpackPlugin)
[2K[1A[2K[G[92%] sealing (asset processing)
[2K[1A[2K[G[93%] sealing (after asset optimization)
[2K[1A[2K[G[94%] sealing (recording)
[2K[1A[2K[G[94%] sealing (recording HotModuleReplacementPlugin)
[2K[1A[2K[G[94%] sealing (recording)
[2K[1A[2K[G[94%] sealing (after seal)
[2K[1A[2K[G[95%] emitting (emit)
[2K[1A[2K[G[98%] emitting (after emit)
[2K[1A[2K[GBuild finished at 17:23:52 by 0.000s
[2K[1A[2K[GBuild finished at 17:23:52 by 0.000s
[2K[1A[2K[GBuild finished at 17:23:52 by 0.000s
[2K[1A[2K[G WARNING  Compiled with 1 warning17:23:52

 warning  in ./src/App.vue?vue&type=style&index=0&id=7ba5bd90&lang=scss

Module Warning (from ./node_modules/sass-loader/dist/cjs.js):
Deprecation The legacy JS API is deprecated and will be removed in Dart Sass 2.0.0.

More info: https://sass-lang.com/d/legacy-js-api

Build finished at 17:23:52 by 0.000s
[2K[1A[2K[G
  App running at:
  - Local:   http://localhost:8099 
  - Network: unavailable

Build finished at 17:23:52 by 0.000s
[2K[1A[2K[GBuild finished at 17:23:52 by 0.000s
[2K[1A[2K[GBuild finished at 17:23:52 by 0.000s
[2K[1A[2K[GBuild finished at 17:23:52 by 0.000s
[2K[1A[2K[GBuild finished at 17:23:52 by 0.000s
[2K[1A[2K[GBuild finished at 17:23:52 by 0.000s
[2K[1A[2K[GBuild finished at 17:23:52 by 0.000s
[2K[1A[2K[GBuild finished at 17:23:52 by 0.000s
[2K[1A[2K[G WAIT  Compiling...17:23:53

Compiling...

[2K[1A[2K[G[1%] cache (end idle)
[2K[1A[2K[G[3%] setup (watch run)
[2K[1A[2K[G[3%] setup (watch run vue-loader-plugin)
[2K[1A[2K[G[3%] setup (watch run ESLintWebpackPlugin_1)
[2K[1A[2K[G[3%] setup (watch run webpack-dev-middleware)
[2K[1A[2K[G[3%] setup (watch run)
[2K[1A[2K[G[4%] setup (normal module factory)
[2K[1A[2K[G[4%] setup (normal module factory CaseSensitivePathsPlugin)
[2K[1A[2K[G[4%] setup (normal module factory)
[2K[1A[2K[G[5%] setup (context module factory)
[2K[1A[2K[G[6%] setup (before compile)
[2K[1A[2K[G[7%] setup (compile)
[2K[1A[2K[G[7%] setup (compile ExternalsPlugin)
[2K[1A[2K[G[7%] setup (compile)
[2K[1A[2K[G[8%] setup (compilation)
[2K[1A[2K[G[8%] setup (compilation HtmlWebpackPlugin)
[2K[1A[2K[G[8%] setup (compilation CopyPlugin)
[2K[1A[2K[G[8%] setup (compilation ArrayPushCallbackChunkFormatPlugin)
[2K[1A[2K[G[8%] setup (compilation JsonpChunkLoadingPlugin)
[2K[1A[2K[G[8%] setup (compilation StartupChunkDependenciesPlugin)
[2K[1A[2K[G[8%] setup (compilation ImportScriptsChunkLoadingPlugin)
[2K[1A[2K[G[8%] setup (compilation WorkerAndWorkletPlugin)
[2K[1A[2K[G[8%] setup (compilation SplitChunksPlugin)
[2K[1A[2K[G[8%] setup (compilation ResolverCachePlugin)
[2K[1A[2K[G[8%] setup (compilation)
[2K[1A[2K[G[9%] setup (compilation)
[2K[1A[2K[G[9%] setup (compilation vue-loader-plugin)
[2K[1A[2K[G[9%] setup (compilation DefinePlugin)
[2K[1A[2K[G[9%] setup (compilation vue-cli:pwa-html-plugin)
[2K[1A[2K[G[9%] setup (compilation DefinePlugin)
[2K[1A[2K[G[9%] setup (compilation ProgressPlugin)
[2K[1A[2K[G[9%] setup (compilation EntryPlugin)
[2K[1A[2K[G[9%] setup (compilation ExternalsPlugin)
[2K[1A[2K[G[9%] setup (compilation ChunkPrefetchPreloadPlugin)
[2K[1A[2K[G[9%] setup (compilation ResourceHintPlugin)
[2K[1A[2K[G[9%] setup (compilation ModuleInfoHeaderPlugin)
[2K[1A[2K[G[9%] setup (compilation EvalSourceMapDevToolPlugin)
[2K[1A[2K[G[9%] setup (compilation JavascriptModulesPlugin)
[2K[1A[2K[G[9%] setup (compilation JsonModulesPlugin)
[2K[1A[2K[G[9%] setup (compilation AssetModulesPlugin)
[2K[1A[2K[G[9%] setup (compilation EntryPlugin)
[2K[1A[2K[G[9%] setup (compilation RuntimePlugin)
[2K[1A[2K[G[9%] setup (compilation InferAsyncModulesPlugin)
[2K[1A[2K[G[9%] setup (compilation DataUriPlugin)
[2K[1A[2K[G[9%] setup (compilation FileUriPlugin)
[2K[1A[2K[G[9%] setup (compilation CompatibilityPlugin)
[2K[1A[2K[G[9%] setup (compilation HarmonyModulesPlugin)
[2K[1A[2K[G[9%] setup (compilation AMDPlugin)
[2K[1A[2K[G[9%] setup (compilation RequireJsStuffPlugin)
[2K[1A[2K[G[9%] setup (compilation CommonJsPlugin)
[2K[1A[2K[G[9%] setup (compilation LoaderPlugin)
[2K[1A[2K[G[9%] setup (compilation NodeStuffPlugin)
[2K[1A[2K[G[9%] setup (compilation APIPlugin)
[2K[1A[2K[G[9%] setup (compilation ExportsInfoApiPlugin)
[2K[1A[2K[G[9%] setup (compilation WebpackIsIncludedPlugin)
[2K[1A[2K[G[9%] setup (compilation ConstPlugin)
[2K[1A[2K[G[9%] setup (compilation UseStrictPlugin)
[2K[1A[2K[G[9%] setup (compilation RequireIncludePlugin)
[2K[1A[2K[G[9%] setup (compilation RequireEnsurePlugin)
[2K[1A[2K[G[9%] setup (compilation RequireContextPlugin)
[2K[1A[2K[G[9%] setup (compilation ImportPlugin)
[2K[1A[2K[G[9%] setup (compilation ImportMetaContextPlugin)
[2K[1A[2K[G[9%] setup (compilation SystemPlugin)
[2K[1A[2K[G[9%] setup (compilation ImportMetaPlugin)
[2K[1A[2K[G[9%] setup (compilation URLPlugin)
[2K[1A[2K[G[9%] setup (compilation DefaultStatsFactoryPlugin)
[2K[1A[2K[G[9%] setup (compilation DefaultStatsPresetPlugin)
[2K[1A[2K[G[9%] setup (compilation DefaultStatsPrinterPlugin)
[2K[1A[2K[G[9%] setup (compilation JavascriptMetaInfoPlugin)
[2K[1A[2K[G[9%] setup (compilation EnsureChunkConditionsPlugin)
[2K[1A[2K[G[9%] setup (compilation RemoveEmptyChunksPlugin)
[2K[1A[2K[G[9%] setup (compilation MergeDuplicateChunksPlugin)
[2K[1A[2K[G[9%] setup (compilation SideEffectsFlagPlugin)
[2K[1A[2K[G[9%] setup (compilation FlagDependencyExportsPlugin)
[2K[1A[2K[G[9%] setup (compilation ConstExportsPlugin)
[2K[1A[2K[G[9%] setup (compilation NamedModuleIdsPlugin)
[2K[1A[2K[G[9%] setup (compilation NamedChunkIdsPlugin)
[2K[1A[2K[G[9%] setup (compilation DefinePlugin)
[2K[1A[2K[G[9%] setup (compilation TemplatedPathPlugin)
[2K[1A[2K[G[9%] setup (compilation RecordIdsPlugin)
[2K[1A[2K[G[9%] setup (compilation WarnCaseSensitiveModulesPlugin)
[2K[1A[2K[G[9%] setup (compilation EntryPlugin)
[2K[1A[2K[G[9%] setup (compilation ProvidePlugin)
[2K[1A[2K[G[9%] setup (compilation HotModuleReplacementPlugin)
[2K[1A[2K[G[9%] setup (compilation ProgressPlugin)
[2K[1A[2K[G[9%] setup (compilation ESLintWebpackPlugin_1)
[2K[1A[2K[G[9%] setup (compilation)
[2K[1A[2K[G[10%] building 
[2K[1A[2K[G[10%] building (0/0 modules)
[2K[1A[2K[G[24%] building (1/4 modules)
[2K[1A[2K[G[38%] building (22/13 modules)
[2K[1A[2K[G[51%] building (36/14 modules)
[2K[1A[2K[G[51%] building (import loader vue-loader/dist/index.js)
[2K[1A[2K[G[51%] building (888/90 modules)
[2K[1A[2K[G[51%] building (import loader babel-loader/lib/index.js)
[2K[1A[2K[G[51%] building (import loader vue-loader/dist/templateLoader.js)
[2K[1A[2K[G[51%] building (888/97 modules)
[2K[1A[2K[G[51%] building (import loader css-loader/dist/cjs.js)
[2K[1A[2K[G[51%] building (import loader vue-loader/dist/stylePostLoader.js)
[2K[1A[2K[G[51%] building (import loader postcss-loader/dist/cjs.js)
[2K[1A[2K[G[51%] building (import loader sass-loader/dist/cjs.js)
[2K[1A[2K[G[51%] building (888/98 modules)
[2K[1A[2K[G[65%] building (904/101 modules)
[2K[1A[2K[G[65%] building 
[2K[1A[2K[G[69%] building (finish)
[2K[1A[2K[G[70%] sealing (finish module graph)
[2K[1A[2K[G[70%] sealing (finish module graph ResolverCachePlugin)
[2K[1A[2K[G[70%] sealing (finish module graph InferAsyncModulesPlugin)
[2K[1A[2K[G[70%] sealing (finish module graph FlagDependencyExportsPlugin)
[2K[1A[2K[G[70%] sealing (finish module graph ESLintWebpackPlugin_1)
[2K[1A[2K[G[70%] sealing (finish module graph)
[2K[1A[2K[G[71%] sealing (plugins)
[2K[1A[2K[G[71%] sealing (plugins WarnCaseSensitiveModulesPlugin)
[2K[1A[2K[G[71%] sealing (plugins)
[2K[1A[2K[G[71%] sealing (dependencies optimization)
[2K[1A[2K[G[71%] sealing (dependencies optimization SideEffectsFlagPlugin)
[2K[1A[2K[G[71%] sealing (dependencies optimization)
[2K[1A[2K[G[72%] sealing (after dependencies optimization)
[2K[1A[2K[G[73%] sealing (chunk graph)
[2K[1A[2K[G[73%] sealing (after chunk graph)
[2K[1A[2K[G[74%] sealing (optimizing)
[2K[1A[2K[G[74%] sealing (module optimization)
[2K[1A[2K[G[75%] sealing (after module optimization)
[2K[1A[2K[G[76%] sealing (chunk optimization)
[2K[1A[2K[G[76%] sealing (chunk optimization EnsureChunkConditionsPlugin)
[2K[1A[2K[G[76%] sealing (chunk optimization RemoveEmptyChunksPlugin)
[2K[1A[2K[G[76%] sealing (chunk optimization MergeDuplicateChunksPlugin)
[2K[1A[2K[G[76%] sealing (chunk optimization SplitChunksPlugin)
[2K[1A[2K[G[76%] sealing (chunk optimization RemoveEmptyChunksPlugin)
[2K[1A[2K[G[76%] sealing (chunk optimization)
[2K[1A[2K[G[76%] sealing (after chunk optimization)
[2K[1A[2K[G[77%] sealing (module and chunk tree optimization)
[2K[1A[2K[G[77%] sealing (module and chunk tree optimization PersistentChildCompilerSinglet
onPlugin)
[2K[1A[2K[1A[2K[G[77%] sealing (module and chunk tree optimization)
[2K[1A[2K[G[78%] sealing (after module and chunk tree optimization)
[2K[1A[2K[G[78%] sealing (chunk modules optimization)
[2K[1A[2K[G[79%] sealing (after chunk modules optimization)
[2K[1A[2K[G[80%] sealing (module reviving)
[2K[1A[2K[G[80%] sealing (module reviving RecordIdsPlugin)
[2K[1A[2K[G[80%] sealing (module reviving)
[2K[1A[2K[G[80%] sealing (before module ids)
[2K[1A[2K[G[81%] sealing (module ids)
[2K[1A[2K[G[81%] sealing (module ids NamedModuleIdsPlugin)
[2K[1A[2K[G[81%] sealing (module ids)
[2K[1A[2K[G[82%] sealing (module id optimization)
[2K[1A[2K[G[82%] sealing (module id optimization)
[2K[1A[2K[G[83%] sealing (chunk reviving)
[2K[1A[2K[G[83%] sealing (chunk reviving RecordIdsPlugin)
[2K[1A[2K[G[83%] sealing (chunk reviving)
[2K[1A[2K[G[83%] sealing (before chunk ids)
[2K[1A[2K[G[84%] sealing (chunk ids)
[2K[1A[2K[G[84%] sealing (chunk ids NamedChunkIdsPlugin)
[2K[1A[2K[G[84%] sealing (chunk ids)
[2K[1A[2K[G[85%] sealing (chunk id optimization)
[2K[1A[2K[G[85%] sealing (after chunk id optimization)
[2K[1A[2K[G[86%] sealing (record modules)
[2K[1A[2K[G[86%] sealing (record modules RecordIdsPlugin)
[2K[1A[2K[G[86%] sealing (record modules)
[2K[1A[2K[G[87%] sealing (record chunks)
[2K[1A[2K[G[87%] sealing (record chunks RecordIdsPlugin)
[2K[1A[2K[G[87%] sealing (record chunks)
[2K[1A[2K[G[87%] sealing (module hashing)
[2K[1A[2K[G[88%] sealing (code generation)
[2K[1A[2K[G[89%] sealing (runtime requirements)
[2K[1A[2K[G[89%] sealing (hashing)
[2K[1A[2K[G[90%] sealing (after hashing)
[2K[1A[2K[G[91%] sealing (record hash)
[2K[1A[2K[G[91%] sealing (module assets processing)
[2K[1A[2K[G[92%] sealing (chunk assets processing)
[2K[1A[2K[G[92%] sealing (asset processing)
[2K[1A[2K[G[92%] sealing (asset processing copy-webpack-plugin)
[2K[1A[2K[G[92%] sealing (asset processing vue-cli:pwa-html-plugin)
[2K[1A[2K[G[92%] sealing (asset processing HotModuleReplacementPlugin)
[2K[1A[2K[G[92%] sealing (asset processing ESLintWebpackPlugin_1)
[2K[1A[2K[G[92%] sealing (asset processing PersistentChildCompilerSingletonPlugin)
[2K[1A[2K[G[92%] sealing (asset processing HtmlWebpackPlugin)
[2K[1A[2K[G[92%] sealing (asset processing)
[2K[1A[2K[G[93%] sealing (after asset optimization)
[2K[1A[2K[G[94%] sealing (recording)
[2K[1A[2K[G[94%] sealing (recording HotModuleReplacementPlugin)
[2K[1A[2K[G[94%] sealing (recording)
[2K[1A[2K[G[94%] sealing (after seal)
[2K[1A[2K[G[95%] emitting (emit)
[2K[1A[2K[G[98%] emitting (after emit)
[2K[1A[2K[GBuild finished at 17:23:54 by 0.000s
[2K[1A[2K[GBuild finished at 17:23:54 by 0.000s
[2K[1A[2K[GBuild finished at 17:23:54 by 0.000s
[2K[1A[2K[G WARNING  Compiled with 1 warning17:23:54

 warning  in ./src/App.vue?vue&type=style&index=0&id=7ba5bd90&lang=scss

Module Warning (from ./node_modules/sass-loader/dist/cjs.js):
Deprecation The legacy JS API is deprecated and will be removed in Dart Sass 2.0.0.

More info: https://sass-lang.com/d/legacy-js-api

Build finished at 17:23:54 by 0.000s
[2K[1A[2K[G
  App running at:
  - Local:   http://localhost:8099 
  - Network: unavailable

Build finished at 17:23:54 by 0.000s
[2K[1A[2K[GBuild finished at 17:23:54 by 0.000s
[2K[1A[2K[GBuild finished at 17:23:54 by 0.000s
[2K[1A[2K[GBuild finished at 17:23:54 by 0.000s
[2K[1A[2K[GBuild finished at 17:23:54 by 0.000s
[2K[1A[2K[GBuild finished at 17:23:54 by 0.000s
[2K[1A[2K[GBuild finished at 17:23:54 by 0.000s
[2K[1A[2K[GBuild finished at 17:23:54 by 0.000s
[2K[1A[2K[G WAIT  Compiling...17:23:54

Compiling...

[2K[1A[2K[G[1%] cache (end idle)
[2K[1A[2K[G[3%] setup (watch run)
[2K[1A[2K[G[3%] setup (watch run vue-loader-plugin)
[2K[1A[2K[G[3%] setup (watch run ESLintWebpackPlugin_1)
[2K[1A[2K[G[3%] setup (watch run webpack-dev-middleware)
[2K[1A[2K[G[3%] setup (watch run)
[2K[1A[2K[G[4%] setup (normal module factory)
[2K[1A[2K[G[4%] setup (normal module factory CaseSensitivePathsPlugin)
[2K[1A[2K[G[4%] setup (normal module factory)
[2K[1A[2K[G[5%] setup (context module factory)
[2K[1A[2K[G[6%] setup (before compile)
[2K[1A[2K[G[7%] setup (compile)
[2K[1A[2K[G[7%] setup (compile ExternalsPlugin)
[2K[1A[2K[G[7%] setup (compile)
[2K[1A[2K[G[8%] setup (compilation)
[2K[1A[2K[G[8%] setup (compilation HtmlWebpackPlugin)
[2K[1A[2K[G[8%] setup (compilation CopyPlugin)
[2K[1A[2K[G[8%] setup (compilation ArrayPushCallbackChunkFormatPlugin)
[2K[1A[2K[G[8%] setup (compilation JsonpChunkLoadingPlugin)
[2K[1A[2K[G[8%] setup (compilation StartupChunkDependenciesPlugin)
[2K[1A[2K[G[8%] setup (compilation ImportScriptsChunkLoadingPlugin)
[2K[1A[2K[G[8%] setup (compilation WorkerAndWorkletPlugin)
[2K[1A[2K[G[8%] setup (compilation SplitChunksPlugin)
[2K[1A[2K[G[8%] setup (compilation ResolverCachePlugin)
[2K[1A[2K[G[8%] setup (compilation)
[2K[1A[2K[G[9%] setup (compilation)
[2K[1A[2K[G[9%] setup (compilation vue-loader-plugin)
[2K[1A[2K[G[9%] setup (compilation DefinePlugin)
[2K[1A[2K[G[9%] setup (compilation vue-cli:pwa-html-plugin)
[2K[1A[2K[G[9%] setup (compilation DefinePlugin)
[2K[1A[2K[G[9%] setup (compilation ProgressPlugin)
[2K[1A[2K[G[9%] setup (compilation EntryPlugin)
[2K[1A[2K[G[9%] setup (compilation ExternalsPlugin)
[2K[1A[2K[G[9%] setup (compilation ChunkPrefetchPreloadPlugin)
[2K[1A[2K[G[9%] setup (compilation ResourceHintPlugin)
[2K[1A[2K[G[9%] setup (compilation ModuleInfoHeaderPlugin)
[2K[1A[2K[G[9%] setup (compilation EvalSourceMapDevToolPlugin)
[2K[1A[2K[G[9%] setup (compilation JavascriptModulesPlugin)
[2K[1A[2K[G[9%] setup (compilation JsonModulesPlugin)
[2K[1A[2K[G[9%] setup (compilation AssetModulesPlugin)
[2K[1A[2K[G[9%] setup (compilation EntryPlugin)
[2K[1A[2K[G[9%] setup (compilation RuntimePlugin)
[2K[1A[2K[G[9%] setup (compilation InferAsyncModulesPlugin)
[2K[1A[2K[G[9%] setup (compilation DataUriPlugin)
[2K[1A[2K[G[9%] setup (compilation FileUriPlugin)
[2K[1A[2K[G[9%] setup (compilation CompatibilityPlugin)
[2K[1A[2K[G[9%] setup (compilation HarmonyModulesPlugin)
[2K[1A[2K[G[9%] setup (compilation AMDPlugin)
[2K[1A[2K[G[9%] setup (compilation RequireJsStuffPlugin)
[2K[1A[2K[G[9%] setup (compilation CommonJsPlugin)
[2K[1A[2K[G[9%] setup (compilation LoaderPlugin)
[2K[1A[2K[G[9%] setup (compilation NodeStuffPlugin)
[2K[1A[2K[G[9%] setup (compilation APIPlugin)
[2K[1A[2K[G[9%] setup (compilation ExportsInfoApiPlugin)
[2K[1A[2K[G[9%] setup (compilation WebpackIsIncludedPlugin)
[2K[1A[2K[G[9%] setup (compilation ConstPlugin)
[2K[1A[2K[G[9%] setup (compilation UseStrictPlugin)
[2K[1A[2K[G[9%] setup (compilation RequireIncludePlugin)
[2K[1A[2K[G[9%] setup (compilation RequireEnsurePlugin)
[2K[1A[2K[G[9%] setup (compilation RequireContextPlugin)
[2K[1A[2K[G[9%] setup (compilation ImportPlugin)
[2K[1A[2K[G[9%] setup (compilation ImportMetaContextPlugin)
[2K[1A[2K[G[9%] setup (compilation SystemPlugin)
[2K[1A[2K[G[9%] setup (compilation ImportMetaPlugin)
[2K[1A[2K[G[9%] setup (compilation URLPlugin)
[2K[1A[2K[G[9%] setup (compilation DefaultStatsFactoryPlugin)
[2K[1A[2K[G[9%] setup (compilation DefaultStatsPresetPlugin)
[2K[1A[2K[G[9%] setup (compilation DefaultStatsPrinterPlugin)
[2K[1A[2K[G[9%] setup (compilation JavascriptMetaInfoPlugin)
[2K[1A[2K[G[9%] setup (compilation EnsureChunkConditionsPlugin)
[2K[1A[2K[G[9%] setup (compilation RemoveEmptyChunksPlugin)
[2K[1A[2K[G[9%] setup (compilation MergeDuplicateChunksPlugin)
[2K[1A[2K[G[9%] setup (compilation SideEffectsFlagPlugin)
[2K[1A[2K[G[9%] setup (compilation FlagDependencyExportsPlugin)
[2K[1A[2K[G[9%] setup (compilation ConstExportsPlugin)
[2K[1A[2K[G[9%] setup (compilation NamedModuleIdsPlugin)
[2K[1A[2K[G[9%] setup (compilation NamedChunkIdsPlugin)
[2K[1A[2K[G[9%] setup (compilation DefinePlugin)
[2K[1A[2K[G[9%] setup (compilation TemplatedPathPlugin)
[2K[1A[2K[G[9%] setup (compilation RecordIdsPlugin)
[2K[1A[2K[G[9%] setup (compilation WarnCaseSensitiveModulesPlugin)
[2K[1A[2K[G[9%] setup (compilation EntryPlugin)
[2K[1A[2K[G[9%] setup (compilation ProvidePlugin)
[2K[1A[2K[G[9%] setup (compilation HotModuleReplacementPlugin)
[2K[1A[2K[G[9%] setup (compilation ProgressPlugin)
[2K[1A[2K[G[9%] setup (compilation ESLintWebpackPlugin_1)
[2K[1A[2K[G[9%] setup (compilation)
[2K[1A[2K[G[10%] building 
[2K[1A[2K[G[24%] building (1/4 modules)
[2K[1A[2K[G[38%] building (19/9 modules)
[2K[1A[2K[G[51%] building (27/9 modules)
[2K[1A[2K[G[51%] building (import loader vue-loader/dist/index.js)
[2K[1A[2K[G[51%] building (37/11 modules)
[2K[1A[2K[G[51%] building (import loader babel-loader/lib/index.js)
[2K[1A[2K[G[51%] building (import loader vue-loader/dist/templateLoader.js)
[2K[1A[2K[G[51%] building (765/27 modules)
[2K[1A[2K[G[51%] building (import loader css-loader/dist/cjs.js)
[2K[1A[2K[G[51%] building (import loader vue-loader/dist/stylePostLoader.js)
[2K[1A[2K[G[51%] building (import loader postcss-loader/dist/cjs.js)
[2K[1A[2K[G[51%] building (import loader sass-loader/dist/cjs.js)
[2K[1A[2K[G[51%] building (768/36 modules)
[2K[1A[2K[G[65%] building (904/101 modules)
[2K[1A[2K[G[65%] building 
[2K[1A[2K[G[69%] building (finish)
[2K[1A[2K[G[70%] sealing (finish module graph)
[2K[1A[2K[G[70%] sealing (finish module graph ResolverCachePlugin)
[2K[1A[2K[G[70%] sealing (finish module graph InferAsyncModulesPlugin)
[2K[1A[2K[G[70%] sealing (finish module graph FlagDependencyExportsPlugin)
[2K[1A[2K[G[70%] sealing (finish module graph ESLintWebpackPlugin_1)
[2K[1A[2K[G[70%] sealing (finish module graph)
[2K[1A[2K[G[71%] sealing (plugins)
[2K[1A[2K[G[71%] sealing (plugins WarnCaseSensitiveModulesPlugin)
[2K[1A[2K[G[71%] sealing (plugins)
[2K[1A[2K[G[71%] sealing (dependencies optimization)
[2K[1A[2K[G[71%] sealing (dependencies optimization SideEffectsFlagPlugin)
[2K[1A[2K[G[71%] sealing (dependencies optimization)
[2K[1A[2K[G[72%] sealing (after dependencies optimization)
[2K[1A[2K[G[73%] sealing (chunk graph)
[2K[1A[2K[G[73%] sealing (after chunk graph)
[2K[1A[2K[G[74%] sealing (optimizing)
[2K[1A[2K[G[74%] sealing (module optimization)
[2K[1A[2K[G[75%] sealing (after module optimization)
[2K[1A[2K[G[76%] sealing (chunk optimization)
[2K[1A[2K[G[76%] sealing (chunk optimization EnsureChunkConditionsPlugin)
[2K[1A[2K[G[76%] sealing (chunk optimization RemoveEmptyChunksPlugin)
[2K[1A[2K[G[76%] sealing (chunk optimization MergeDuplicateChunksPlugin)
[2K[1A[2K[G[76%] sealing (chunk optimization SplitChunksPlugin)
[2K[1A[2K[G[76%] sealing (chunk optimization RemoveEmptyChunksPlugin)
[2K[1A[2K[G[76%] sealing (chunk optimization)
[2K[1A[2K[G[76%] sealing (after chunk optimization)
[2K[1A[2K[G[77%] sealing (module and chunk tree optimization)
[2K[1A[2K[G[77%] sealing (module and chunk tree optimization PersistentChildCompilerSinglet
onPlugin)
[2K[1A[2K[1A[2K[G[77%] sealing (module and chunk tree optimization)
[2K[1A[2K[G[78%] sealing (after module and chunk tree optimization)
[2K[1A[2K[G[78%] sealing (chunk modules optimization)
[2K[1A[2K[G[79%] sealing (after chunk modules optimization)
[2K[1A[2K[G[80%] sealing (module reviving)
[2K[1A[2K[G[80%] sealing (module reviving RecordIdsPlugin)
[2K[1A[2K[G[80%] sealing (module reviving)
[2K[1A[2K[G[80%] sealing (before module ids)
[2K[1A[2K[G[81%] sealing (module ids)
[2K[1A[2K[G[81%] sealing (module ids NamedModuleIdsPlugin)
[2K[1A[2K[G[81%] sealing (module ids)
[2K[1A[2K[G[82%] sealing (module id optimization)
[2K[1A[2K[G[82%] sealing (module id optimization)
[2K[1A[2K[G[83%] sealing (chunk reviving)
[2K[1A[2K[G[83%] sealing (chunk reviving RecordIdsPlugin)
[2K[1A[2K[G[83%] sealing (chunk reviving)
[2K[1A[2K[G[83%] sealing (before chunk ids)
[2K[1A[2K[G[84%] sealing (chunk ids)
[2K[1A[2K[G[84%] sealing (chunk ids NamedChunkIdsPlugin)
[2K[1A[2K[G[84%] sealing (chunk ids)
[2K[1A[2K[G[85%] sealing (chunk id optimization)
[2K[1A[2K[G[85%] sealing (after chunk id optimization)
[2K[1A[2K[G[86%] sealing (record modules)
[2K[1A[2K[G[86%] sealing (record modules RecordIdsPlugin)
[2K[1A[2K[G[86%] sealing (record modules)
[2K[1A[2K[G[87%] sealing (record chunks)
[2K[1A[2K[G[87%] sealing (record chunks RecordIdsPlugin)
[2K[1A[2K[G[87%] sealing (record chunks)
[2K[1A[2K[G[87%] sealing (module hashing)
[2K[1A[2K[G[88%] sealing (code generation)
[2K[1A[2K[G[89%] sealing (runtime requirements)
[2K[1A[2K[G[89%] sealing (hashing)
[2K[1A[2K[G[90%] sealing (after hashing)
[2K[1A[2K[G[91%] sealing (record hash)
[2K[1A[2K[G[91%] sealing (module assets processing)
[2K[1A[2K[G[92%] sealing (chunk assets processing)
[2K[1A[2K[G[92%] sealing (asset processing)
[2K[1A[2K[G[92%] sealing (asset processing copy-webpack-plugin)
[2K[1A[2K[G[92%] sealing (asset processing vue-cli:pwa-html-plugin)
[2K[1A[2K[G[92%] sealing (asset processing HotModuleReplacementPlugin)
[2K[1A[2K[G[92%] sealing (asset processing ESLintWebpackPlugin_1)
[2K[1A[2K[G[92%] sealing (asset processing PersistentChildCompilerSingletonPlugin)
[2K[1A[2K[G[92%] sealing (asset processing HtmlWebpackPlugin)
[2K[1A[2K[G[92%] sealing (asset processing)
[2K[1A[2K[G[93%] sealing (after asset optimization)
[2K[1A[2K[G[94%] sealing (recording)
[2K[1A[2K[G[94%] sealing (recording HotModuleReplacementPlugin)
[2K[1A[2K[G[94%] sealing (recording)
[2K[1A[2K[G[94%] sealing (after seal)
[2K[1A[2K[G[95%] emitting (emit)
[2K[1A[2K[G[98%] emitting (after emit)
[2K[1A[2K[GBuild finished at 17:23:54 by 0.000s
[2K[1A[2K[GBuild finished at 17:23:54 by 0.000s
[2K[1A[2K[GBuild finished at 17:23:54 by 0.000s
[2K[1A[2K[G WARNING  Compiled with 1 warning17:23:54

 warning  in ./src/App.vue?vue&type=style&index=0&id=7ba5bd90&lang=scss

Module Warning (from ./node_modules/sass-loader/dist/cjs.js):
Deprecation The legacy JS API is deprecated and will be removed in Dart Sass 2.0.0.

More info: https://sass-lang.com/d/legacy-js-api

Build finished at 17:23:54 by 0.000s
[2K[1A[2K[G
  App running at:
  - Local:   http://localhost:8099 
  - Network: unavailable

Build finished at 17:23:54 by 0.000s
[2K[1A[2K[GBuild finished at 17:23:54 by 0.000s
[2K[1A[2K[GBuild finished at 17:23:54 by 0.000s
[2K[1A[2K[GBuild finished at 17:23:54 by 0.000s
[2K[1A[2K[GBuild finished at 17:23:54 by 0.000s
[2K[1A[2K[GBuild finished at 17:23:54 by 0.000s
[2K[1A[2K[GBuild finished at 17:23:54 by 0.000s
[2K[1A[2K[GBuild finished at 17:23:54 by 0.000s
[2K[1A[2K[G